student_id,course,institute_tier,cgpa,internships,certifications,job_portal_active,industry_demand,institute_score,placement_months,placement_label,starting_salary,employability_score,engagement_score,course_enc,label_enc
STU0000,MBA,2,8.66,0,3,1,0.7,0.7,3,placed_3m,860706,0.5781,0.84,4,0
STU0001,Arts,2,7.54,1,4,0,0.35,0.7,6,placed_6m,315447,0.5797333333333333,0.32000000000000006,0,1
STU0002,Nursing,3,6.53,1,3,0,0.6,0.45,12,placed_12m,392744,0.5218833333333334,0.24,5,2
STU0003,Data Science,2,7.7,1,4,0,0.85,0.7,12,placed_12m,936493,0.6603333333333332,0.32000000000000006,1,2
STU0004,Engineering,2,6.7,1,4,1,0.75,0.7,6,placed_6m,639183,0.6103333333333334,0.92,2,1
STU0005,Engineering,3,6.44,0,2,1,0.75,0.45,6,placed_6m,558419,0.4479,0.76,2,1
STU0006,Engineering,2,5.93,2,0,1,0.75,0.7,6,placed_6m,749008,0.6267166666666666,0.6,2,1
STU0007,Law,3,5.27,2,4,1,0.45,0.45,6,placed_6m,553646,0.5486166666666668,0.92,3,1
STU0008,Data Science,1,6.77,1,1,1,0.85,1.0,12,placed_12m,1133788,0.6577833333333334,0.6799999999999999,1,2
STU0009,Nursing,2,7.37,0,3,1,0.6,0.7,6,placed_6m,453453,0.5179499999999999,0.84,5,1
STU0010,Engineering,1,7.09,2,1,0,0.75,1.0,12,placed_12m,755825,0.7373166666666666,0.08000000000000002,2,2
STU0011,Arts,1,6.74,3,3,0,0.35,1.0,3,placed_3m,391363,0.7684,0.24,0,0
STU0012,Law,3,6.16,0,2,1,0.45,0.45,12,placed_12m,487061,0.3931,0.76,3,2
STU0013,Engineering,1,7.87,1,4,1,0.75,1.0,12,placed_12m,756192,0.7112833333333333,0.92,2,2
STU0014,Engineering,2,5.75,0,0,1,0.75,0.7,6,placed_6m,674893,0.45374999999999993,0.6,2,1
STU0015,Engineering,2,8.05,1,4,1,0.75,0.7,3,placed_3m,668440,0.6575833333333334,0.92,2,0
STU0016,MBA,2,6.1,0,3,0,0.7,0.7,12,placed_12m,988203,0.48849999999999993,0.24,4,2
STU0017,Data Science,3,6.37,1,0,0,0.85,0.45,6,placed_6m,973561,0.5237833333333333,0.0,1,1
STU0018,MBA,1,5.59,2,4,1,0.7,1.0,12,placed_12m,886764,0.7073166666666666,0.92,4,2
STU0019,Engineering,3,6.65,1,0,0,0.75,0.45,12,placed_12m,708783,0.5185833333333334,0.0,2,2
STU0020,Data Science,3,8.27,1,3,0,0.85,0.45,12,placed_12m,1111654,0.6202833333333333,0.24,1,2
STU0021,Engineering,2,7.77,1,2,1,0.75,0.7,3,placed_3m,725093,0.6277833333333334,0.76,2,0
STU0022,Engineering,3,8.28,1,2,0,0.75,0.45,3,placed_3m,714784,0.5956333333333332,0.16000000000000003,2,0
STU0023,MBA,1,7.77,0,4,1,0.7,1.0,3,placed_3m,834101,0.61695,0.92,4,0
STU0024,MBA,2,5.99,0,1,1,0.7,0.7,24,delayed,746085,0.46464999999999995,0.6799999999999999,4,3
STU0025,Nursing,2,6.84,3,3,1,0.6,0.7,6,placed_6m,479059,0.7494,0.84,5,1
STU0026,Engineering,3,6.34,0,4,0,0.75,0.45,12,placed_12m,640560,0.46440000000000003,0.32000000000000006,2,2
STU0027,Data Science,3,8.66,2,4,0,0.85,0.45,6,placed_6m,1192537,0.7272666666666667,0.32000000000000006,1,1
STU0028,Data Science,2,5.88,3,2,1,0.85,0.7,3,placed_3m,1051457,0.7433000000000001,0.76,1,0
STU0029,Engineering,3,8.18,1,0,0,0.75,0.45,6,placed_6m,635402,0.5721333333333333,0.0,2,1
STU0030,Data Science,1,8.18,1,3,0,0.85,1.0,6,placed_6m,1228035,0.7271333333333332,0.24,1,1
STU0031,Engineering,2,9.21,1,0,0,0.75,0.7,12,placed_12m,824309,0.6581833333333333,0.0,2,2
STU0032,Engineering,2,6.75,3,3,0,0.75,0.7,6,placed_6m,772096,0.76875,0.24,2,1
STU0033,Arts,3,7.98,3,1,0,0.35,0.45,6,placed_6m,339804,0.6818,0.08000000000000002,0,1
STU0034,Arts,2,9.71,2,2,1,0.35,0.7,3,placed_3m,397448,0.7190166666666666,0.76,0,0
STU0035,Law,2,6.52,0,1,0,0.45,0.7,6,placed_6m,688921,0.4457,0.08000000000000002,3,1
STU0036,MBA,1,5.51,2,4,0,0.7,1.0,6,placed_6m,891713,0.7045166666666667,0.32000000000000006,4,1
STU0037,Engineering,1,5.13,1,2,1,0.75,1.0,6,placed_6m,613496,0.5953833333333334,0.76,2,1
STU0038,Data Science,2,7.98,1,4,1,0.85,0.7,12,placed_12m,1035566,0.6701333333333332,0.92,1,2
STU0039,MBA,2,5.13,0,1,0,0.7,0.7,12,placed_12m,803598,0.43455,0.08000000000000002,4,2
STU0040,Engineering,3,6.79,0,3,0,0.75,0.45,12,placed_12m,555682,0.47014999999999996,0.24,2,2
STU0041,MBA,2,7.68,2,4,1,0.7,0.7,3,placed_3m,936015,0.7204666666666667,0.92,4,0
STU0042,Engineering,2,7.4,1,0,1,0.75,0.7,6,placed_6m,726866,0.5948333333333333,0.6,2,1
STU0043,Arts,1,7.67,1,3,1,0.35,1.0,6,placed_6m,385571,0.6342833333333333,0.84,0,1
STU0044,Engineering,3,7.44,1,3,1,0.75,0.45,6,placed_6m,742724,0.5762333333333334,0.84,2,1
STU0045,Data Science,3,8.61,2,1,0,0.85,0.45,3,placed_3m,1169928,0.6955166666666666,0.08000000000000002,1,0
STU0046,MBA,1,6.15,2,1,1,0.7,1.0,3,placed_3m,783768,0.6969166666666666,0.6799999999999999,4,0
STU0047,Data Science,3,6.46,1,2,0,0.85,0.45,12,placed_12m,1030304,0.5469333333333334,0.16000000000000003,1,2
STU0048,Data Science,2,6.35,0,2,1,0.85,0.7,12,placed_12m,1025050,0.5097499999999999,0.76,1,2
STU0049,Engineering,1,8.11,1,0,1,0.75,1.0,6,placed_6m,778181,0.6796833333333332,0.6,2,1
STU0050,Arts,2,8.19,3,3,1,0.35,0.7,12,placed_12m,318109,0.75915,0.84,0,2
STU0051,Nursing,2,7.7,1,0,0,0.6,0.7,12,placed_12m,425983,0.5828333333333332,0.0,5,2
STU0052,Arts,1,8.5,1,0,0,0.35,1.0,6,placed_6m,336722,0.6333333333333333,0.0,0,1
STU0053,Law,3,5.9,1,1,1,0.45,0.45,12,placed_12m,441170,0.45733333333333337,0.6799999999999999,3,2
STU0054,Data Science,3,9.03,1,0,1,0.85,0.45,12,placed_12m,1079817,0.6168833333333332,0.6,1,2
STU0055,Arts,3,8.88,2,0,1,0.35,0.45,6,placed_6m,328753,0.6199666666666667,0.6,0,1
STU0056,Engineering,2,8.01,1,4,0,0.75,0.7,12,placed_12m,845290,0.6561833333333333,0.32000000000000006,2,2
STU0057,Engineering,2,9.16,0,2,0,0.75,0.7,12,placed_12m,725698,0.5931,0.16000000000000003,2,2
STU0058,Engineering,3,5.38,0,2,1,0.75,0.45,6,placed_6m,659931,0.4108,0.76,2,1
STU0059,MBA,2,6.62,1,3,0,0.7,0.7,6,placed_6m,762345,0.5900333333333333,0.24,4,1
STU0060,MBA,1,6.39,3,2,1,0.7,1.0,3,placed_3m,915675,0.7986500000000001,0.76,4,0
STU0061,Engineering,2,7.99,1,3,1,0.75,0.7,6,placed_6m,730959,0.6454833333333334,0.84,2,1
STU0062,Law,3,6.04,2,4,1,0.45,0.45,12,placed_12m,505628,0.5755666666666668,0.92,3,2
STU0063,MBA,2,8.03,2,2,1,0.7,0.7,3,placed_3m,913727,0.7127166666666667,0.76,4,0
STU0064,Engineering,1,8.71,0,4,1,0.75,1.0,3,placed_3m,757016,0.6573500000000001,0.92,2,0
STU0065,Data Science,3,7.96,0,2,0,0.85,0.45,12,placed_12m,985071,0.5161,0.16000000000000003,1,2
STU0066,Engineering,2,7.51,0,2,1,0.75,0.7,12,placed_12m,773409,0.53535,0.76,2,2
STU0067,Law,2,6.11,2,4,0,0.45,0.7,3,placed_3m,593170,0.6280166666666667,0.32000000000000006,3,0
STU0068,Engineering,1,6.27,0,0,1,0.75,1.0,12,placed_12m,706070,0.5319499999999999,0.6,2,2
STU0069,Arts,2,8.57,1,0,0,0.35,0.7,12,placed_12m,355665,0.5757833333333333,0.0,0,2
STU0070,Nursing,3,8.06,1,0,1,0.6,0.45,6,placed_6m,460828,0.5454333333333333,0.6,5,1
STU0071,Engineering,2,7.16,2,0,0,0.75,0.7,6,placed_6m,717233,0.6697666666666666,0.0,2,1
STU0072,Engineering,2,6.74,0,2,0,0.75,0.7,12,placed_12m,645813,0.5084,0.16000000000000003,2,2
STU0073,Law,3,4.97,1,1,1,0.45,0.45,12,placed_12m,505129,0.42478333333333335,0.6799999999999999,3,2
STU0074,Nursing,3,6.02,1,4,0,0.6,0.45,6,placed_6m,438702,0.5140333333333333,0.32000000000000006,5,1
STU0075,Nursing,3,9.3,1,1,1,0.6,0.45,24,delayed,485852,0.5988333333333333,0.6799999999999999,5,3
STU0076,Nursing,2,5.79,2,1,1,0.6,0.7,3,placed_3m,425888,0.6093166666666666,0.6799999999999999,5,0
STU0077,Engineering,2,7.41,0,3,0,0.75,0.7,6,placed_6m,725609,0.5418499999999999,0.24,2,1
STU0078,MBA,3,8.31,2,0,1,0.7,0.45,6,placed_6m,895506,0.6525166666666666,0.6,4,1
STU0079,Engineering,3,5.82,2,2,0,0.75,0.45,6,placed_6m,652713,0.5928666666666667,0.16000000000000003,2,1
STU0080,Law,1,7.4,1,0,0,0.45,1.0,24,delayed,582805,0.6098333333333333,0.0,3,3
STU0081,Data Science,1,8.23,2,0,1,0.85,1.0,6,placed_6m,1171098,0.7822166666666666,0.6,1,1
STU0082,MBA,2,7.21,1,1,1,0.7,0.7,12,placed_12m,949745,0.5906833333333332,0.6799999999999999,4,2
STU0083,Engineering,3,10.0,0,3,0,0.75,0.45,12,placed_12m,733436,0.5825,0.24,2,2
STU0084,MBA,2,5.36,2,0,1,0.7,0.7,6,placed_6m,842412,0.5992666666666666,0.6,4,1
STU0085,MBA,2,8.36,1,4,1,0.7,0.7,3,placed_3m,839651,0.6609333333333333,0.92,4,0
STU0086,Nursing,1,7.01,2,4,1,0.6,1.0,6,placed_6m,467370,0.7420166666666667,0.92,5,1
STU0087,Data Science,3,8.05,1,0,0,0.85,0.45,12,placed_12m,1018335,0.5825833333333333,0.0,1,2
STU0088,Law,3,7.69,3,1,1,0.45,0.45,6,placed_6m,572720,0.68665,0.6799999999999999,3,1
STU0089,MBA,2,6.39,1,1,1,0.7,0.7,12,placed_12m,839807,0.5619833333333333,0.6799999999999999,4,2
STU0090,Engineering,3,7.45,0,2,1,0.75,0.45,6,placed_6m,639456,0.48325,0.76,2,1
STU0091,Nursing,3,5.16,1,3,1,0.6,0.45,24,delayed,375268,0.4739333333333333,0.84,5,3
STU0092,Nursing,2,7.86,2,1,1,0.6,0.7,3,placed_3m,476259,0.6817666666666666,0.6799999999999999,5,0
STU0093,Data Science,2,7.53,2,2,0,0.85,0.7,6,placed_6m,1029694,0.7177166666666668,0.16000000000000003,1,1
STU0094,Nursing,2,7.9,1,4,1,0.6,0.7,24,delayed,431894,0.6298333333333332,0.92,5,3
STU0095,MBA,3,8.36,3,4,0,0.7,0.45,3,placed_3m,943602,0.7776,0.32000000000000006,4,0
STU0096,Data Science,2,7.6,1,4,0,0.85,0.7,12,placed_12m,1145966,0.6568333333333334,0.32000000000000006,1,2
STU0097,MBA,2,7.36,1,0,1,0.7,0.7,6,placed_6m,899636,0.5859333333333333,0.6,4,1
STU0098,Engineering,3,6.23,3,3,0,0.75,0.45,6,placed_6m,651651,0.70055,0.24,2,1
STU0099,Engineering,2,6.42,3,2,1,0.75,0.7,6,placed_6m,738148,0.7472000000000001,0.76,2,1
STU0100,Engineering,3,8.51,2,3,1,0.75,0.45,6,placed_6m,813624,0.6970166666666666,0.84,2,1
STU0101,Data Science,2,8.78,2,0,0,0.85,0.7,3,placed_3m,1226476,0.7414666666666667,0.0,1,0
STU0102,MBA,1,6.94,0,2,1,0.7,1.0,24,delayed,893029,0.5679000000000001,0.76,4,3
STU0103,Data Science,3,7.25,2,2,1,0.85,0.45,6,placed_6m,1093269,0.6579166666666667,0.76,1,1
STU0104,Arts,3,6.2,1,1,1,0.35,0.45,24,delayed,321657,0.45283333333333337,0.6799999999999999,0,3
STU0105,Engineering,2,8.49,0,3,1,0.75,0.7,6,placed_6m,772831,0.57965,0.84,2,1
STU0106,MBA,3,7.93,0,3,0,0.7,0.45,6,placed_6m,877079,0.5025499999999999,0.24,4,1
STU0107,Nursing,3,9.34,1,1,1,0.6,0.45,12,placed_12m,494224,0.6002333333333333,0.6799999999999999,5,2
STU0108,Engineering,2,6.23,1,4,1,0.75,0.7,12,placed_12m,614096,0.5938833333333333,0.92,2,2
STU0109,Engineering,3,6.78,1,0,0,0.75,0.45,12,placed_12m,580417,0.5231333333333333,0.0,2,2
STU0110,Engineering,1,7.45,0,3,1,0.75,1.0,3,placed_3m,737428,0.6032500000000001,0.84,2,0
STU0111,Engineering,2,7.91,1,1,1,0.75,0.7,6,placed_6m,727130,0.6226833333333333,0.6799999999999999,2,1
STU0112,Arts,1,6.96,1,2,0,0.35,1.0,6,placed_6m,329128,0.5994333333333333,0.16000000000000003,0,1
STU0113,Law,3,6.24,1,1,0,0.45,0.45,12,placed_12m,563194,0.46923333333333334,0.08000000000000002,3,2
STU0114,Data Science,3,8.17,1,4,1,0.85,0.45,12,placed_12m,907003,0.6267833333333334,0.92,1,2
STU0115,Law,1,7.99,2,0,0,0.45,1.0,3,placed_3m,633648,0.7138166666666667,0.0,3,0
STU0116,Law,2,6.19,3,4,1,0.45,0.7,6,placed_6m,574154,0.7141500000000001,0.92,3,1
STU0117,Engineering,2,8.69,2,2,0,0.75,0.7,6,placed_6m,688687,0.7433166666666666,0.16000000000000003,2,1
STU0118,Law,1,8.49,1,2,1,0.45,1.0,6,placed_6m,707386,0.6679833333333333,0.76,3,1
STU0119,Data Science,3,7.35,2,2,0,0.85,0.45,6,placed_6m,947535,0.6614166666666665,0.16000000000000003,1,1
STU0120,Law,3,7.29,0,2,0,0.45,0.45,24,delayed,503655,0.43265000000000003,0.16000000000000003,3,3
STU0121,Law,2,7.81,0,1,1,0.45,0.7,6,placed_6m,620305,0.4908499999999999,0.6799999999999999,3,1
STU0122,MBA,3,6.25,1,2,1,0.7,0.45,12,placed_12m,834467,0.5170833333333333,0.76,4,2
STU0123,Engineering,2,7.23,2,2,1,0.75,0.7,6,placed_6m,670298,0.6922166666666667,0.76,2,1
STU0124,Engineering,3,4.83,0,1,1,0.75,0.45,6,placed_6m,614230,0.38155,0.6799999999999999,2,1
STU0125,MBA,3,8.16,0,2,0,0.7,0.45,24,delayed,841040,0.5006,0.16000000000000003,4,3
STU0126,Law,2,5.48,0,4,0,0.45,0.7,12,placed_12m,612880,0.4393,0.32000000000000006,3,2
STU0127,Law,1,8.85,2,4,1,0.45,1.0,3,placed_3m,692709,0.7839166666666667,0.92,3,0
STU0128,Engineering,3,6.84,2,3,1,0.75,0.45,6,placed_6m,674826,0.6385666666666667,0.84,2,1
STU0129,Data Science,2,6.97,1,4,1,0.85,0.7,12,placed_12m,970354,0.6347833333333333,0.92,1,2
STU0130,MBA,1,6.51,1,0,0,0.7,1.0,6,placed_6m,852576,0.6161833333333333,0.0,4,1
STU0131,Engineering,1,6.88,1,0,1,0.75,1.0,3,placed_3m,693107,0.6366333333333334,0.6,2,0
STU0132,Engineering,2,8.76,2,0,0,0.75,0.7,3,placed_3m,838874,0.7257666666666667,0.0,2,0
STU0133,MBA,2,4.46,0,1,1,0.7,0.7,12,placed_12m,742206,0.41109999999999997,0.6799999999999999,4,2
STU0134,Arts,3,8.6,2,4,1,0.35,0.45,6,placed_6m,355493,0.6501666666666667,0.92,0,1
STU0135,MBA,3,7.57,1,0,0,0.7,0.45,12,placed_12m,936048,0.5432833333333333,0.0,4,2
STU0136,Data Science,1,5.87,2,3,1,0.85,1.0,6,placed_6m,908193,0.7296166666666666,0.84,1,1
STU0137,Nursing,3,6.02,0,1,0,0.6,0.45,12,placed_12m,424903,0.40069999999999995,0.08000000000000002,5,2
STU0138,MBA,1,9.04,1,3,1,0.7,1.0,3,placed_3m,1000287,0.7347333333333332,0.84,4,0
STU0139,Arts,3,6.16,1,4,0,0.35,0.45,6,placed_6m,309017,0.4814333333333334,0.32000000000000006,0,1
STU0140,Arts,3,5.93,1,2,1,0.35,0.45,12,placed_12m,274015,0.45338333333333336,0.76,0,2
STU0141,Engineering,2,8.45,0,3,0,0.75,0.7,3,placed_3m,687535,0.5782499999999999,0.24,2,0
STU0142,MBA,3,7.57,2,2,1,0.7,0.45,12,placed_12m,899546,0.6466166666666666,0.76,4,2
STU0143,MBA,2,6.17,0,1,1,0.7,0.7,12,placed_12m,948136,0.47095,0.6799999999999999,4,2
STU0144,Engineering,2,7.44,2,3,1,0.75,0.7,3,placed_3m,781557,0.7095666666666667,0.84,2,0
STU0145,Engineering,3,6.07,2,3,0,0.75,0.45,12,placed_12m,711895,0.6116166666666667,0.24,2,2
STU0146,Data Science,2,8.41,1,1,1,0.85,0.7,12,placed_12m,1083166,0.6551833333333332,0.6799999999999999,1,2
STU0147,Data Science,2,8.37,2,1,0,0.85,0.7,6,placed_6m,1093073,0.7371166666666666,0.08000000000000002,1,1
STU0148,Engineering,2,7.79,2,0,1,0.75,0.7,3,placed_3m,706327,0.6918166666666667,0.6,2,0
STU0149,Engineering,3,7.6,1,4,0,0.75,0.45,24,delayed,638497,0.5918333333333333,0.32000000000000006,2,3
STU0150,Arts,2,9.14,2,3,1,0.35,0.7,6,placed_6m,318306,0.7090666666666667,0.84,0,1
STU0151,Engineering,1,7.2,1,3,0,0.75,1.0,12,placed_12m,696193,0.6778333333333333,0.24,2,2
STU0152,Engineering,3,5.9,1,1,0,0.75,0.45,24,delayed,584101,0.5023333333333333,0.08000000000000002,2,3
STU0153,MBA,3,7.69,2,1,0,0.7,0.45,6,placed_6m,873644,0.6408166666666666,0.08000000000000002,4,1
STU0154,Arts,1,9.49,1,4,1,0.35,1.0,6,placed_6m,379709,0.7079833333333334,0.92,0,1
STU0155,Engineering,2,6.08,1,1,0,0.75,0.7,6,placed_6m,686410,0.5586333333333333,0.08000000000000002,2,1
STU0156,Data Science,1,6.8,1,2,1,0.85,1.0,3,placed_3m,1094407,0.6688333333333334,0.76,1,0
STU0157,Nursing,2,7.66,2,2,1,0.6,0.7,3,placed_3m,450986,0.6847666666666666,0.76,5,0
STU0158,Engineering,2,7.14,3,2,1,0.75,0.7,3,placed_3m,650229,0.7724,0.76,2,0
STU0159,Nursing,3,6.12,1,2,1,0.6,0.45,12,placed_12m,383147,0.4975333333333334,0.76,5,2
STU0160,MBA,3,8.43,2,4,0,0.7,0.45,3,placed_3m,858242,0.6967166666666667,0.32000000000000006,4,0
STU0161,Data Science,2,9.75,3,3,1,0.85,0.7,3,placed_3m,1267773,0.8887500000000002,0.84,1,0
STU0162,Data Science,2,7.42,0,2,0,0.85,0.7,6,placed_6m,1098927,0.5471999999999999,0.16000000000000003,1,1
STU0163,Data Science,3,6.21,0,1,1,0.85,0.45,6,placed_6m,1001575,0.44485,0.6799999999999999,1,1
STU0164,Engineering,2,5.5,2,2,0,0.75,0.7,12,placed_12m,700218,0.6316666666666666,0.16000000000000003,2,2
STU0165,Law,3,7.48,2,4,1,0.45,0.45,12,placed_12m,572586,0.6259666666666667,0.92,3,2
STU0166,MBA,2,8.41,2,1,0,0.7,0.7,6,placed_6m,917342,0.7160166666666666,0.08000000000000002,4,1
STU0167,Engineering,1,7.72,1,2,1,0.75,1.0,6,placed_6m,718319,0.6860333333333333,0.76,2,1
STU0168,Engineering,3,7.2,0,3,0,0.75,0.45,6,placed_6m,580060,0.48450000000000004,0.24,2,1
STU0169,Data Science,2,6.55,1,1,1,0.85,0.7,3,placed_3m,1101619,0.5900833333333333,0.6799999999999999,1,0
STU0170,Data Science,3,6.0,0,1,0,0.85,0.45,12,placed_12m,900858,0.4375,0.08000000000000002,1,2
STU0171,Engineering,1,8.12,1,3,1,0.75,1.0,6,placed_6m,706222,0.7100333333333333,0.84,2,1
STU0172,Data Science,1,8.21,2,1,1,0.85,1.0,6,placed_6m,1123474,0.7915166666666666,0.6799999999999999,1,1
STU0173,Engineering,3,5.5,0,2,1,0.75,0.45,12,placed_12m,552376,0.41500000000000004,0.76,2,2
STU0174,Data Science,2,8.95,2,1,1,0.85,0.7,6,placed_6m,1165544,0.7574166666666666,0.6799999999999999,1,1
STU0175,Engineering,3,7.83,1,2,1,0.75,0.45,12,placed_12m,735182,0.5798833333333333,0.76,2,2
STU0176,Data Science,2,8.74,1,3,1,0.85,0.7,3,placed_3m,1103599,0.6867333333333334,0.84,1,0
STU0177,MBA,2,5.72,0,0,1,0.7,0.7,6,placed_6m,662610,0.44519999999999993,0.6,4,1
STU0178,Arts,3,5.7,1,3,1,0.35,0.45,24,delayed,278062,0.45533333333333337,0.84,0,3
STU0179,Engineering,2,7.04,0,2,1,0.75,0.7,12,placed_12m,662586,0.5188999999999999,0.76,2,2
STU0180,MBA,2,7.75,3,4,0,0.7,0.7,3,placed_3m,940057,0.80625,0.32000000000000006,4,0
STU0181,Engineering,2,9.18,2,3,1,0.75,0.7,3,placed_3m,755411,0.7704666666666666,0.84,2,0
STU0182,Arts,1,7.98,1,4,1,0.35,1.0,12,placed_12m,356877,0.6551333333333333,0.92,0,2
STU0183,Law,2,6.93,0,4,0,0.45,0.7,24,delayed,545971,0.49005,0.32000000000000006,3,3
STU0184,Engineering,3,6.07,3,2,1,0.75,0.45,6,placed_6m,677437,0.68495,0.76,2,1
STU0185,Data Science,3,8.55,1,2,0,0.85,0.45,6,placed_6m,1099345,0.6200833333333333,0.16000000000000003,1,1
STU0186,Law,3,6.14,0,0,0,0.45,0.45,24,delayed,481277,0.3724,0.0,3,3
STU0187,Data Science,3,8.99,1,1,1,0.85,0.45,6,placed_6m,1054325,0.6254833333333334,0.6799999999999999,1,1
STU0188,Data Science,3,6.89,3,3,1,0.85,0.45,3,placed_3m,1159666,0.73865,0.84,1,0
STU0189,Engineering,3,8.95,0,2,1,0.75,0.45,6,placed_6m,731838,0.53575,0.76,2,1
STU0190,Engineering,2,7.95,0,3,1,0.75,0.7,12,placed_12m,737098,0.5607500000000001,0.84,2,2
STU0191,Law,3,7.05,3,4,1,0.45,0.45,3,placed_3m,642151,0.69425,0.92,3,0
STU0192,Arts,3,6.63,0,1,0,0.35,0.45,12,placed_12m,304782,0.38455,0.08000000000000002,0,2
STU0193,Data Science,2,6.83,0,0,0,0.85,0.7,12,placed_12m,1062469,0.5065500000000001,0.0,1,2
STU0194,MBA,1,7.67,1,3,1,0.7,1.0,6,placed_6m,846032,0.6867833333333333,0.84,4,1
STU0195,MBA,2,7.28,2,1,0,0.7,0.7,6,placed_6m,918556,0.6764666666666667,0.08000000000000002,4,1
STU0196,Nursing,2,6.55,1,0,1,0.6,0.7,24,delayed,412701,0.5425833333333333,0.6,5,3
STU0197,Law,3,7.02,3,3,1,0.45,0.45,6,placed_6m,656302,0.6832,0.84,3,1
STU0198,Law,2,7.29,2,1,0,0.45,0.7,6,placed_6m,641350,0.6393166666666666,0.08000000000000002,3,1
STU0199,Nursing,2,4.86,0,2,1,0.6,0.7,24,delayed,354343,0.42010000000000003,0.76,5,3
STU0200,Data Science,3,7.7,3,3,1,0.85,0.45,6,placed_6m,1118270,0.7669999999999999,0.84,1,1
STU0201,Engineering,1,6.12,1,1,1,0.75,1.0,12,placed_12m,706717,0.6200333333333333,0.6799999999999999,2,2
STU0202,Engineering,2,5.93,1,0,1,0.75,0.7,6,placed_6m,686247,0.5433833333333333,0.6,2,1
STU0203,Law,1,5.34,1,1,1,0.45,1.0,3,placed_3m,531385,0.5477333333333334,0.6799999999999999,3,0
STU0204,Data Science,3,5.23,1,2,0,0.85,0.45,24,delayed,912123,0.5038833333333333,0.16000000000000003,1,3
STU0205,Engineering,3,5.71,0,3,1,0.75,0.45,12,placed_12m,589318,0.43235,0.84,2,2
STU0206,Engineering,2,6.42,0,3,1,0.75,0.7,6,placed_6m,672659,0.5072,0.84,2,1
STU0207,Data Science,3,9.35,1,3,1,0.85,0.45,6,placed_6m,1053280,0.6580833333333334,0.84,1,1
STU0208,Engineering,2,6.62,2,2,1,0.75,0.7,6,placed_6m,677062,0.6708666666666667,0.76,2,1
STU0209,Engineering,3,7.4,1,0,1,0.75,0.45,24,delayed,712210,0.5448333333333333,0.6,2,3
STU0210,Data Science,3,7.64,3,3,0,0.85,0.45,3,placed_3m,1018487,0.7648999999999999,0.24,1,0
STU0211,Data Science,3,7.34,1,0,1,0.85,0.45,12,placed_12m,933589,0.5577333333333333,0.6,1,2
STU0212,Data Science,1,7.11,1,1,1,0.85,1.0,3,placed_3m,1105827,0.6696833333333334,0.6799999999999999,1,0
STU0213,Engineering,3,5.89,0,0,0,0.75,0.45,6,placed_6m,576004,0.40864999999999996,0.0,2,1
STU0214,Nursing,3,8.8,0,0,0,0.6,0.45,12,placed_12m,411919,0.488,0.0,5,2
STU0215,Engineering,2,9.19,1,3,1,0.75,0.7,6,placed_6m,767181,0.6874833333333332,0.84,2,1
STU0216,MBA,3,5.35,2,4,1,0.7,0.45,6,placed_6m,705911,0.5889166666666668,0.92,4,1
STU0217,Nursing,2,6.07,3,4,1,0.6,0.7,6,placed_6m,418205,0.7324499999999999,0.92,5,1
STU0218,Data Science,3,6.89,3,2,1,0.85,0.45,3,placed_3m,1208419,0.72865,0.76,1,0
STU0219,Law,1,6.14,0,2,1,0.45,1.0,6,placed_6m,590604,0.5024,0.76,3,1
STU0220,Data Science,3,7.76,3,4,1,0.85,0.45,3,placed_3m,1045667,0.7791000000000001,0.92,1,0
STU0221,Data Science,2,6.4,1,1,1,0.85,0.7,3,placed_3m,1053437,0.5848333333333333,0.6799999999999999,1,0
STU0222,Engineering,1,9.58,0,3,0,0.75,1.0,6,placed_6m,817178,0.6778,0.24,2,1
STU0223,MBA,2,8.51,2,3,1,0.7,0.7,6,placed_6m,1011899,0.7395166666666666,0.84,4,1
STU0224,Engineering,1,7.43,2,1,1,0.75,1.0,3,placed_3m,763161,0.7492166666666666,0.6799999999999999,2,0
STU0225,Engineering,2,8.33,0,1,1,0.75,0.7,12,placed_12m,755762,0.5540499999999999,0.6799999999999999,2,2
STU0226,Arts,2,8.42,1,4,1,0.35,0.7,6,placed_6m,299202,0.6105333333333333,0.92,0,1
STU0227,MBA,2,6.58,1,2,1,0.7,0.7,6,placed_6m,791483,0.5786333333333333,0.76,4,1
STU0228,Law,2,6.3,2,1,0,0.45,0.7,6,placed_6m,586192,0.6046666666666667,0.08000000000000002,3,1
STU0229,Data Science,2,7.29,1,2,0,0.85,0.7,3,placed_3m,1086976,0.6259833333333333,0.16000000000000003,1,0
STU0230,Nursing,3,8.15,3,0,0,0.6,0.45,6,placed_6m,441540,0.7152499999999999,0.0,5,1
STU0231,Data Science,1,7.35,0,3,0,0.85,1.0,3,placed_3m,1108936,0.61475,0.24,1,0
STU0232,Data Science,3,5.47,1,4,1,0.85,0.45,6,placed_6m,885772,0.5322833333333333,0.92,1,1
STU0233,MBA,3,6.32,1,3,0,0.7,0.45,12,placed_12m,781515,0.5295333333333333,0.24,4,2
STU0234,Engineering,3,7.12,1,4,0,0.75,0.45,12,placed_12m,711748,0.5750333333333333,0.32000000000000006,2,2
STU0235,Nursing,2,7.12,1,0,1,0.6,0.7,3,placed_3m,473341,0.5625333333333332,0.6,5,0
STU0236,Engineering,3,9.37,2,3,1,0.75,0.45,12,placed_12m,702234,0.7271166666666666,0.84,2,2
STU0237,Engineering,1,5.68,2,0,0,0.75,1.0,6,placed_6m,662014,0.6779666666666666,0.0,2,1
STU0238,Data Science,1,7.76,3,4,1,0.85,1.0,3,placed_3m,1168797,0.8891,0.92,1,0
STU0239,Engineering,2,8.84,2,1,1,0.75,0.7,6,placed_6m,770356,0.7385666666666666,0.6799999999999999,2,1
STU0240,Arts,3,9.7,2,3,0,0.35,0.45,6,placed_6m,343410,0.6786666666666666,0.24,0,1
STU0241,Arts,1,6.76,1,0,0,0.35,1.0,6,placed_6m,361716,0.5724333333333333,0.0,0,1
STU0242,Arts,2,7.74,2,3,1,0.35,0.7,6,placed_6m,352516,0.6600666666666667,0.84,0,1
STU0243,MBA,3,7.83,1,3,1,0.7,0.45,3,placed_3m,893180,0.5823833333333334,0.84,4,0
STU0244,Engineering,3,7.42,1,3,1,0.75,0.45,24,delayed,595657,0.5755333333333333,0.84,2,3
STU0245,Arts,2,7.09,1,2,0,0.35,0.7,12,placed_12m,348958,0.5439833333333333,0.16000000000000003,0,2
STU0246,MBA,1,7.68,1,0,1,0.7,1.0,12,placed_12m,762523,0.6571333333333333,0.6,4,2
STU0247,Arts,3,4.41,1,0,1,0.35,0.45,24,delayed,283019,0.3801833333333333,0.6,0,3
STU0248,Arts,2,7.95,3,3,0,0.35,0.7,6,placed_6m,377932,0.75075,0.24,0,1
STU0249,Law,1,7.34,1,1,1,0.45,1.0,6,placed_6m,601590,0.6177333333333334,0.6799999999999999,3,1
STU0250,Engineering,1,6.96,0,3,1,0.75,1.0,12,placed_12m,764758,0.5861000000000001,0.84,2,2
STU0251,MBA,3,9.45,1,2,0,0.7,0.45,6,placed_6m,921272,0.6290833333333333,0.16000000000000003,4,1
STU0252,Law,3,6.46,0,4,1,0.45,0.45,24,delayed,508936,0.4236,0.92,3,3
STU0253,MBA,3,6.76,0,2,1,0.7,0.45,24,delayed,791244,0.45159999999999995,0.76,4,3
STU0254,Engineering,3,9.39,0,1,0,0.75,0.45,6,placed_6m,871176,0.54115,0.08000000000000002,2,1
STU0255,Data Science,2,6.28,1,3,1,0.85,0.7,3,placed_3m,1114987,0.6006333333333334,0.84,1,0
STU0256,Arts,2,6.59,1,0,0,0.35,0.7,6,placed_6m,335066,0.5064833333333333,0.0,0,1
STU0257,Data Science,2,7.04,2,3,1,0.85,0.7,6,placed_6m,1010750,0.7105666666666666,0.84,1,1
STU0258,Data Science,2,8.12,2,1,0,0.85,0.7,3,placed_3m,1141329,0.7283666666666666,0.08000000000000002,1,0
STU0259,Engineering,2,7.43,1,0,0,0.75,0.7,6,placed_6m,670327,0.5958833333333333,0.0,2,1
STU0260,Data Science,3,5.78,1,2,1,0.85,0.45,6,placed_6m,1003957,0.5231333333333335,0.76,1,1
STU0261,Arts,2,6.61,1,4,1,0.35,0.7,12,placed_12m,319284,0.5471833333333334,0.92,0,2
STU0262,Engineering,3,6.53,2,4,1,0.75,0.45,3,placed_3m,622230,0.6377166666666667,0.92,2,0
STU0263,Data Science,2,7.12,0,3,0,0.85,0.7,12,placed_12m,1014518,0.5467,0.24,1,2
STU0264,Law,2,7.67,0,2,0,0.45,0.7,12,placed_12m,540234,0.49595,0.16000000000000003,3,2
STU0265,Nursing,2,7.66,2,1,1,0.6,0.7,6,placed_6m,470920,0.6747666666666666,0.6799999999999999,5,1
STU0266,Data Science,2,5.25,1,4,1,0.85,0.7,6,placed_6m,903983,0.5745833333333334,0.92,1,1
STU0267,Nursing,3,8.37,0,2,0,0.6,0.45,12,placed_12m,431571,0.49295,0.16000000000000003,5,2
STU0268,MBA,2,7.48,0,3,1,0.7,0.7,3,placed_3m,913259,0.5367999999999999,0.84,4,0
STU0269,Engineering,2,8.72,3,0,1,0.75,0.7,3,placed_3m,789393,0.8077000000000001,0.6,2,0
STU0270,Law,1,7.69,2,3,1,0.45,1.0,3,placed_3m,631788,0.7333166666666667,0.84,3,0
STU0271,Law,2,8.41,2,3,1,0.45,0.7,12,placed_12m,634250,0.6985166666666667,0.84,3,2
STU0272,Law,2,7.71,1,2,0,0.45,0.7,6,placed_6m,626133,0.5806833333333333,0.16000000000000003,3,1
STU0273,Arts,3,8.68,1,4,1,0.35,0.45,12,placed_12m,306264,0.5696333333333333,0.92,0,2
STU0274,Data Science,3,7.77,3,2,0,0.85,0.45,6,placed_6m,1113368,0.75945,0.16000000000000003,1,1
STU0275,Data Science,2,7.09,3,0,1,0.85,0.7,6,placed_6m,1203766,0.7656499999999999,0.6,1,1
STU0276,Nursing,3,9.7,0,2,1,0.6,0.45,12,placed_12m,473433,0.5395,0.76,5,2
STU0277,Data Science,2,8.18,2,1,1,0.85,0.7,3,placed_3m,1137540,0.7304666666666666,0.6799999999999999,1,0
STU0278,Nursing,2,7.83,0,3,1,0.6,0.7,12,placed_12m,458939,0.53405,0.84,5,2
STU0279,Nursing,1,5.8,0,4,1,0.6,1.0,12,placed_12m,437381,0.533,0.92,5,2
STU0280,Law,2,5.78,2,0,1,0.45,0.7,6,placed_6m,596798,0.5764666666666667,0.6,3,1
STU0281,MBA,2,7.52,1,3,1,0.7,0.7,3,placed_3m,773451,0.6215333333333333,0.84,4,0
STU0282,MBA,2,7.36,3,2,1,0.7,0.7,6,placed_6m,840920,0.7726000000000001,0.76,4,1
STU0283,Engineering,1,6.52,0,1,1,0.75,1.0,12,placed_12m,738965,0.5507,0.6799999999999999,2,2
STU0284,Data Science,1,7.36,1,2,0,0.85,1.0,6,placed_6m,1006348,0.6884333333333332,0.16000000000000003,1,1
STU0285,Engineering,2,8.95,3,3,0,0.75,0.7,3,placed_3m,817948,0.84575,0.24,2,0
STU0286,MBA,3,7.96,3,0,0,0.7,0.45,3,placed_3m,902874,0.7235999999999999,0.0,4,0
STU0287,Data Science,2,5.94,0,4,1,0.85,0.7,6,placed_6m,895544,0.5154,0.92,1,1
STU0288,Engineering,2,7.08,1,3,1,0.75,0.7,3,placed_3m,719353,0.6136333333333333,0.84,2,0
STU0289,Data Science,1,6.31,2,0,1,0.85,1.0,12,placed_12m,1101128,0.7150166666666666,0.6,1,2
STU0290,Engineering,2,6.77,0,3,1,0.75,0.7,12,placed_12m,763502,0.51945,0.84,2,2
STU0291,Engineering,2,6.75,3,1,1,0.75,0.7,3,placed_3m,702609,0.74875,0.6799999999999999,2,0
STU0292,Law,2,6.67,3,2,0,0.45,0.7,6,placed_6m,663219,0.71095,0.16000000000000003,3,1
STU0293,MBA,2,5.82,0,4,0,0.7,0.7,6,placed_6m,822496,0.4887,0.32000000000000006,4,1
STU0294,Engineering,1,7.06,0,0,1,0.75,1.0,12,placed_12m,675058,0.5595999999999999,0.6,2,2
STU0295,Data Science,1,6.58,0,4,0,0.85,1.0,12,placed_12m,1096295,0.5978000000000001,0.32000000000000006,1,2
STU0296,Nursing,2,4.0,3,4,1,0.6,0.7,3,placed_3m,429023,0.66,0.92,5,0
STU0297,Engineering,1,9.46,0,4,1,0.75,1.0,3,placed_3m,791718,0.6836,0.92,2,0
STU0298,Data Science,1,8.4,1,0,1,0.85,1.0,3,placed_3m,1186442,0.7048333333333332,0.6,1,0
STU0299,Engineering,2,6.79,1,0,1,0.75,0.7,3,placed_3m,665176,0.5734833333333333,0.6,2,0
STU0300,Engineering,3,7.22,1,4,1,0.75,0.45,24,delayed,610983,0.5785333333333333,0.92,2,3
STU0301,Data Science,2,5.91,0,2,0,0.85,0.7,24,delayed,986682,0.49435,0.16000000000000003,1,3
STU0302,Data Science,2,9.07,0,3,1,0.85,0.7,6,placed_6m,1091564,0.6149500000000001,0.84,1,1
STU0303,Data Science,2,9.29,3,4,1,0.85,0.7,3,placed_3m,1207524,0.8826499999999999,0.92,1,0
STU0304,Nursing,3,7.37,3,1,0,0.6,0.45,6,placed_6m,463031,0.6979499999999998,0.08000000000000002,5,1
STU0305,Arts,2,8.33,2,4,0,0.35,0.7,3,placed_3m,360621,0.6907166666666666,0.32000000000000006,0,0
STU0306,Data Science,1,7.39,0,0,1,0.85,1.0,6,placed_6m,983515,0.58615,0.6,1,1
STU0307,MBA,2,5.73,1,3,0,0.7,0.7,6,placed_6m,900160,0.5588833333333333,0.24,4,1
STU0308,Nursing,1,6.75,2,1,0,0.6,1.0,3,placed_3m,477835,0.7029166666666666,0.08000000000000002,5,0
STU0309,Engineering,2,7.35,1,3,1,0.75,0.7,6,placed_6m,697126,0.6230833333333332,0.84,2,1
STU0310,MBA,2,6.7,3,3,1,0.7,0.7,3,placed_3m,939913,0.7595,0.84,4,0
STU0311,Engineering,3,6.96,2,1,0,0.75,0.45,3,placed_3m,700388,0.6227666666666667,0.08000000000000002,2,0
STU0312,Engineering,2,7.1,0,4,0,0.75,0.7,6,placed_6m,716302,0.5409999999999999,0.32000000000000006,2,1
STU0313,Arts,3,7.11,3,4,1,0.35,0.45,12,placed_12m,339805,0.68135,0.92,0,2
STU0314,Law,3,7.26,3,4,0,0.45,0.45,12,placed_12m,617650,0.7016,0.32000000000000006,3,2
STU0315,Data Science,1,6.03,0,2,1,0.85,1.0,6,placed_6m,1122521,0.5585500000000001,0.76,1,1
STU0316,MBA,2,6.41,1,4,1,0.7,0.7,6,placed_6m,901565,0.5926833333333333,0.92,4,1
STU0317,Engineering,2,5.79,1,1,0,0.75,0.7,6,placed_6m,652405,0.5484833333333332,0.08000000000000002,2,1
STU0318,Engineering,2,8.28,1,2,0,0.75,0.7,6,placed_6m,680868,0.6456333333333333,0.16000000000000003,2,1
STU0319,Engineering,2,4.88,0,4,0,0.75,0.7,12,placed_12m,685567,0.46329999999999993,0.32000000000000006,2,2
STU0320,Data Science,3,8.47,1,2,0,0.85,0.45,24,delayed,1014986,0.6172833333333334,0.16000000000000003,1,3
STU0321,Nursing,3,8.72,3,1,0,0.6,0.45,12,placed_12m,461092,0.7452,0.08000000000000002,5,2
STU0322,Data Science,2,6.87,1,4,1,0.85,0.7,3,placed_3m,919372,0.6312833333333334,0.92,1,0
STU0323,Engineering,2,4.34,0,0,0,0.75,0.7,12,placed_12m,605343,0.4043999999999999,0.0,2,2
STU0324,Arts,3,6.8,2,1,1,0.35,0.45,12,placed_12m,317437,0.5571666666666667,0.6799999999999999,0,2
STU0325,Nursing,3,7.13,1,3,1,0.6,0.45,24,delayed,364265,0.5428833333333334,0.84,5,3
STU0326,Data Science,3,6.09,2,3,0,0.85,0.45,3,placed_3m,1026986,0.6273166666666667,0.24,1,0
STU0327,Data Science,1,6.63,1,1,0,0.85,1.0,12,placed_12m,1035126,0.6528833333333333,0.08000000000000002,1,2
STU0328,MBA,2,8.88,0,3,0,0.7,0.7,6,placed_6m,1077664,0.5858,0.24,4,1
STU0329,Engineering,1,7.93,0,1,0,0.75,1.0,12,placed_12m,705613,0.60005,0.08000000000000002,2,2
STU0330,MBA,2,6.18,2,0,1,0.7,0.7,6,placed_6m,838875,0.6279666666666667,0.6,4,1
STU0331,Nursing,1,5.44,1,1,0,0.6,1.0,12,placed_12m,402983,0.5737333333333333,0.08000000000000002,5,2
STU0332,Engineering,2,6.84,2,4,1,0.75,0.7,6,placed_6m,773046,0.6985666666666666,0.92,2,1
STU0333,Engineering,3,6.97,0,4,1,0.75,0.45,6,placed_6m,627562,0.48644999999999994,0.92,2,1
STU0334,Engineering,1,7.75,1,2,1,0.75,1.0,12,placed_12m,712578,0.6870833333333333,0.76,2,2
STU0335,Engineering,2,6.61,1,3,1,0.75,0.7,12,placed_12m,711268,0.5971833333333334,0.84,2,2
STU0336,Law,2,7.76,3,3,1,0.45,0.7,3,placed_3m,580727,0.7591000000000001,0.84,3,0
STU0337,Nursing,2,9.33,3,1,0,0.6,0.7,3,placed_3m,532073,0.81655,0.08000000000000002,5,0
STU0338,MBA,1,8.1,0,3,0,0.7,1.0,6,placed_6m,1038648,0.6185,0.24,4,1
STU0339,Engineering,2,7.15,1,4,1,0.75,0.7,24,delayed,705610,0.6260833333333333,0.92,2,3
STU0340,MBA,3,7.0,0,0,0,0.7,0.45,6,placed_6m,846343,0.43999999999999995,0.0,4,1
STU0341,MBA,1,6.81,1,1,1,0.7,1.0,6,placed_6m,960615,0.6366833333333333,0.6799999999999999,4,1
STU0342,Engineering,1,8.5,1,3,1,0.75,1.0,3,placed_3m,863277,0.7233333333333334,0.84,2,0
STU0343,MBA,2,6.51,3,4,1,0.7,0.7,3,placed_3m,979529,0.76285,0.92,4,0
STU0344,MBA,3,7.25,3,2,1,0.7,0.45,6,placed_6m,918870,0.7187499999999999,0.76,4,1
STU0345,Data Science,3,7.26,1,3,1,0.85,0.45,12,placed_12m,1065114,0.5849333333333333,0.84,1,2
STU0346,Data Science,3,6.65,1,0,1,0.85,0.45,12,placed_12m,908874,0.5335833333333333,0.6,1,2
STU0347,Engineering,2,5.69,3,0,1,0.75,0.7,6,placed_6m,734470,0.7016500000000001,0.6,2,1
STU0348,MBA,2,7.56,2,3,1,0.7,0.7,3,placed_3m,860801,0.7062666666666667,0.84,4,0
STU0349,Data Science,1,7.13,0,3,1,0.85,1.0,6,placed_6m,1048304,0.6070500000000001,0.84,1,1
STU0350,Data Science,2,7.75,1,4,1,0.85,0.7,6,placed_6m,856567,0.6620833333333334,0.92,1,1
STU0351,Law,3,6.61,1,3,1,0.45,0.45,24,delayed,543049,0.5021833333333333,0.84,3,3
STU0352,Data Science,2,8.54,0,2,1,0.85,0.7,3,placed_3m,1043446,0.5864,0.76,1,0
STU0353,Engineering,3,6.24,0,4,1,0.75,0.45,12,placed_12m,669401,0.4609,0.92,2,2
STU0354,Engineering,3,9.08,0,1,1,0.75,0.45,6,placed_6m,727726,0.5303,0.6799999999999999,2,1
STU0355,Data Science,1,5.28,2,2,0,0.85,1.0,6,placed_6m,1132176,0.6989666666666667,0.16000000000000003,1,1
STU0356,Engineering,3,7.68,1,4,1,0.75,0.45,12,placed_12m,627334,0.5946333333333333,0.92,2,2
STU0357,Data Science,1,7.72,0,4,0,0.85,1.0,6,placed_6m,1176047,0.6377,0.32000000000000006,1,1
STU0358,Arts,2,6.32,0,0,1,0.35,0.7,6,placed_6m,353419,0.41369999999999996,0.6,0,1
STU0359,Data Science,1,7.67,2,4,1,0.85,1.0,3,placed_3m,1219401,0.8026166666666665,0.92,1,0
STU0360,MBA,1,8.61,2,2,1,0.7,1.0,6,placed_6m,1048326,0.7930166666666667,0.76,4,1
STU0361,Data Science,2,4.76,1,3,0,0.85,0.7,6,placed_6m,956228,0.5474333333333332,0.24,1,1
STU0362,MBA,2,7.75,1,2,1,0.7,0.7,12,placed_12m,858008,0.6195833333333333,0.76,4,2
STU0363,Data Science,2,4.46,3,1,1,0.85,0.7,6,placed_6m,1045138,0.6836,0.6799999999999999,1,1
STU0364,Arts,2,6.14,0,4,0,0.35,0.7,12,placed_12m,266392,0.4474,0.32000000000000006,0,2
STU0365,MBA,1,8.99,0,4,0,0.7,1.0,12,placed_12m,930887,0.6596500000000001,0.32000000000000006,4,2
STU0366,Arts,1,6.56,1,4,1,0.35,1.0,12,placed_12m,292502,0.6054333333333333,0.92,0,2
STU0367,Arts,2,5.91,0,4,1,0.35,0.7,6,placed_6m,284660,0.43935,0.92,0,1
STU0368,Engineering,2,6.98,1,0,0,0.75,0.7,3,placed_3m,730536,0.5801333333333334,0.0,2,0
STU0369,Engineering,3,9.47,3,0,1,0.75,0.45,3,placed_3m,808749,0.7839499999999999,0.6,2,0
STU0370,Engineering,3,5.19,2,3,1,0.75,0.45,12,placed_12m,626998,0.5808166666666668,0.84,2,2
STU0371,Engineering,3,6.04,1,4,1,0.75,0.45,12,placed_12m,638486,0.5372333333333333,0.92,2,2
STU0372,Engineering,3,8.85,3,1,1,0.75,0.45,12,placed_12m,663893,0.7722499999999999,0.6799999999999999,2,2
STU0373,Data Science,2,9.24,0,3,1,0.85,0.7,6,placed_6m,1088881,0.6209,0.84,1,1
STU0374,Engineering,3,7.09,0,4,1,0.75,0.45,12,placed_12m,608881,0.49065000000000003,0.92,2,2
STU0375,MBA,2,5.84,1,0,1,0.7,0.7,12,placed_12m,778095,0.5327333333333333,0.6,4,2
STU0376,Law,2,9.51,2,1,0,0.45,0.7,6,placed_6m,683702,0.7170166666666666,0.08000000000000002,3,1
STU0377,Engineering,3,8.95,0,3,0,0.75,0.45,6,placed_6m,663812,0.54575,0.24,2,1
STU0378,Law,2,7.95,1,1,1,0.45,0.7,3,placed_3m,583025,0.5790833333333333,0.6799999999999999,3,0
STU0379,Engineering,3,6.31,2,4,1,0.75,0.45,6,placed_6m,565511,0.6300166666666667,0.92,2,1
STU0380,Engineering,3,7.15,2,2,1,0.75,0.45,6,placed_6m,676764,0.6394166666666667,0.76,2,1
STU0381,Data Science,3,7.02,2,1,1,0.85,0.45,6,placed_6m,952487,0.6398666666666666,0.6799999999999999,1,1
STU0382,Data Science,3,7.56,1,1,1,0.85,0.45,6,placed_6m,1030829,0.5754333333333334,0.6799999999999999,1,1
STU0383,Law,2,8.8,0,0,1,0.45,0.7,12,placed_12m,564358,0.5155,0.6,3,2
STU0384,Nursing,2,8.17,1,4,0,0.6,0.7,12,placed_12m,461724,0.6392833333333333,0.32000000000000006,5,2
STU0385,Law,2,6.01,0,1,1,0.45,0.7,12,placed_12m,527084,0.42784999999999995,0.6799999999999999,3,2
STU0386,Engineering,2,8.71,3,4,0,0.75,0.7,6,placed_6m,868182,0.84735,0.32000000000000006,2,1
STU0387,Engineering,2,7.54,1,0,1,0.75,0.7,12,placed_12m,729199,0.5997333333333332,0.6,2,2
STU0388,Nursing,3,7.96,1,4,0,0.6,0.45,3,placed_3m,386726,0.5819333333333334,0.32000000000000006,5,0
STU0389,Law,3,8.81,2,0,1,0.45,0.45,6,placed_6m,566817,0.6325166666666666,0.6,3,1
STU0390,Arts,2,5.98,1,0,0,0.35,0.7,24,delayed,301451,0.4851333333333333,0.0,0,3
STU0391,MBA,1,7.16,1,3,0,0.7,1.0,6,placed_6m,865856,0.6689333333333334,0.24,4,1
STU0392,MBA,2,6.62,2,4,0,0.7,0.7,6,placed_6m,703100,0.6833666666666667,0.32000000000000006,4,1
STU0393,Nursing,1,5.48,2,2,1,0.6,1.0,3,placed_3m,491016,0.6684666666666667,0.76,5,0
STU0394,MBA,3,7.58,2,3,1,0.7,0.45,12,placed_12m,913765,0.6569666666666666,0.84,4,2
STU0395,Arts,2,9.96,0,0,1,0.35,0.7,6,placed_6m,368847,0.5411,0.6,0,1
STU0396,Law,1,5.18,1,2,1,0.45,1.0,6,placed_6m,540521,0.5521333333333334,0.76,3,1
STU0397,MBA,1,7.16,2,1,1,0.7,1.0,6,placed_6m,972454,0.7322666666666666,0.6799999999999999,4,1
STU0398,Nursing,2,7.9,0,1,1,0.6,0.7,6,placed_6m,424224,0.5165,0.6799999999999999,5,1
STU0399,Nursing,2,7.34,0,3,1,0.6,0.7,12,placed_12m,436299,0.5168999999999999,0.84,5,2
STU0400,Engineering,2,7.08,3,2,0,0.75,0.7,6,placed_6m,694578,0.7703,0.16000000000000003,2,1
STU0401,Arts,1,5.77,0,4,0,0.35,1.0,12,placed_12m,345756,0.49444999999999995,0.32000000000000006,0,2
STU0402,Data Science,2,7.46,2,2,1,0.85,0.7,6,placed_6m,982215,0.7152666666666667,0.76,1,1
STU0403,Law,2,6.37,1,3,1,0.45,0.7,12,placed_12m,607647,0.5437833333333333,0.84,3,2
STU0404,MBA,3,4.79,1,4,1,0.7,0.45,12,placed_12m,743250,0.4859833333333333,0.92,4,2
STU0405,Law,2,8.51,0,4,1,0.45,0.7,24,delayed,563272,0.54535,0.92,3,3
STU0406,MBA,2,8.25,2,1,0,0.7,0.7,3,placed_3m,957366,0.7104166666666666,0.08000000000000002,4,0
STU0407,Engineering,2,7.26,1,2,1,0.75,0.7,6,placed_6m,739405,0.6099333333333332,0.76,2,1
STU0408,Arts,3,7.45,1,4,1,0.35,0.45,6,placed_6m,347976,0.5265833333333333,0.92,0,1
STU0409,Engineering,2,8.38,2,3,1,0.75,0.7,3,placed_3m,776733,0.7424666666666666,0.84,2,0
STU0410,MBA,3,7.45,2,1,1,0.7,0.45,6,placed_6m,821437,0.6324166666666666,0.6799999999999999,4,1
STU0411,Arts,1,8.19,3,4,1,0.35,1.0,6,placed_6m,378467,0.82915,0.92,0,1
STU0412,Arts,2,6.87,1,2,1,0.35,0.7,6,placed_6m,363948,0.5362833333333333,0.76,0,1
STU0413,Data Science,1,8.64,1,1,0,0.85,1.0,6,placed_6m,1269726,0.7232333333333334,0.08000000000000002,1,1
STU0414,Data Science,2,7.55,3,2,0,0.85,0.7,6,placed_6m,1195059,0.80175,0.16000000000000003,1,1
STU0415,MBA,3,7.41,2,2,1,0.7,0.45,3,placed_3m,926058,0.6410166666666666,0.76,4,0
STU0416,Engineering,2,5.8,1,2,1,0.75,0.7,3,placed_3m,697911,0.5588333333333333,0.76,2,0
STU0417,MBA,1,7.52,0,1,0,0.7,1.0,12,placed_12m,970112,0.5782,0.08000000000000002,4,2
STU0418,Data Science,1,6.28,2,4,1,0.85,1.0,3,placed_3m,1069315,0.7539666666666667,0.92,1,0
STU0419,Nursing,2,6.5,1,0,1,0.6,0.7,3,placed_3m,392756,0.5408333333333333,0.6,5,0
STU0420,Nursing,1,6.3,2,4,1,0.6,1.0,3,placed_3m,467814,0.7171666666666666,0.92,5,0
STU0421,Nursing,1,6.03,1,1,0,0.6,1.0,6,placed_6m,420577,0.5943833333333334,0.08000000000000002,5,1
STU0422,Engineering,3,9.54,0,0,1,0.75,0.45,6,placed_6m,671976,0.5364,0.6,2,1
STU0423,MBA,2,8.66,2,0,1,0.7,0.7,6,placed_6m,914826,0.7147666666666667,0.6,4,1
STU0424,Engineering,2,9.31,0,0,1,0.75,0.7,12,placed_12m,857667,0.5783499999999999,0.6,2,2
STU0425,Data Science,3,5.85,1,3,1,0.85,0.45,6,placed_6m,958017,0.5355833333333333,0.84,1,1
STU0426,MBA,1,7.28,1,1,0,0.7,1.0,3,placed_3m,952466,0.6531333333333333,0.08000000000000002,4,0
STU0427,Law,3,5.78,1,3,1,0.45,0.45,24,delayed,457200,0.4731333333333334,0.84,3,3
STU0428,MBA,2,6.43,2,0,0,0.7,0.7,6,placed_6m,763802,0.6367166666666666,0.0,4,1
STU0429,Engineering,3,6.19,2,3,0,0.75,0.45,12,placed_12m,615387,0.6158166666666667,0.24,2,2
STU0430,Engineering,2,8.56,2,3,1,0.75,0.7,12,placed_12m,824939,0.7487666666666668,0.84,2,2
STU0431,Nursing,3,6.76,0,1,1,0.6,0.45,6,placed_6m,415130,0.4266,0.6799999999999999,5,1
STU0432,Data Science,3,8.38,0,2,1,0.85,0.45,6,placed_6m,1074733,0.5308,0.76,1,1
STU0433,Engineering,2,7.86,1,3,0,0.75,0.7,3,placed_3m,761637,0.6409333333333334,0.24,2,0
STU0434,Engineering,3,9.73,3,3,1,0.75,0.45,3,placed_3m,763885,0.8230500000000001,0.84,2,0
STU0435,Nursing,2,5.57,2,0,1,0.6,0.7,3,placed_3m,471232,0.5916166666666667,0.6,5,0
STU0436,Engineering,2,8.59,2,0,1,0.75,0.7,3,placed_3m,737429,0.7198166666666665,0.6,2,0
STU0437,Law,2,8.46,1,0,1,0.45,0.7,6,placed_6m,673193,0.5869333333333333,0.6,3,1
STU0438,Nursing,2,6.13,1,4,1,0.6,0.7,6,placed_6m,438019,0.5678833333333333,0.92,5,1
STU0439,Engineering,1,8.31,1,3,1,0.75,1.0,6,placed_6m,685861,0.7166833333333333,0.84,2,1
STU0440,Engineering,2,7.57,0,0,0,0.75,0.7,12,placed_12m,650188,0.51745,0.0,2,2
STU0441,Arts,2,6.95,0,1,0,0.35,0.7,6,placed_6m,275014,0.44575,0.08000000000000002,0,1
STU0442,MBA,3,6.29,3,4,0,0.7,0.45,6,placed_6m,926434,0.7051499999999999,0.32000000000000006,4,1
STU0443,MBA,3,6.41,0,2,1,0.7,0.45,24,delayed,756352,0.43935,0.76,4,3
STU0444,Law,2,9.45,0,3,1,0.45,0.7,6,placed_6m,535986,0.56825,0.84,3,1
STU0445,Arts,2,7.2,0,3,1,0.35,0.7,6,placed_6m,326927,0.47450000000000003,0.84,0,1
STU0446,Arts,2,8.06,3,1,0,0.35,0.7,6,placed_6m,346512,0.7346,0.08000000000000002,0,1
STU0447,Nursing,1,6.33,1,2,0,0.6,1.0,6,placed_6m,406079,0.6148833333333333,0.16000000000000003,5,1
STU0448,MBA,1,6.34,2,2,0,0.7,1.0,3,placed_3m,1021321,0.7135666666666667,0.16000000000000003,4,0
STU0449,Engineering,2,8.39,3,4,0,0.75,0.7,3,placed_3m,787105,0.83615,0.32000000000000006,2,0
STU0450,Nursing,2,5.72,1,3,1,0.6,0.7,6,placed_6m,407790,0.5435333333333333,0.84,5,1
STU0451,Data Science,3,6.74,2,0,1,0.85,0.45,12,placed_12m,978188,0.6200666666666667,0.6,1,2
STU0452,MBA,2,7.24,0,1,1,0.7,0.7,3,placed_3m,768419,0.5084,0.6799999999999999,4,0
STU0453,Arts,2,7.32,0,1,1,0.35,0.7,24,delayed,280493,0.4587,0.6799999999999999,0,3
STU0454,Engineering,2,7.0,2,1,1,0.75,0.7,3,placed_3m,782015,0.6741666666666666,0.6799999999999999,2,0
STU0455,MBA,1,7.64,2,1,1,0.7,1.0,6,placed_6m,936019,0.7490666666666665,0.6799999999999999,4,1
STU0456,Engineering,2,7.96,1,0,0,0.75,0.7,6,placed_6m,726423,0.6144333333333334,0.0,2,1
STU0457,MBA,2,8.01,1,0,1,0.7,0.7,6,placed_6m,785768,0.6086833333333332,0.6,4,1
STU0458,Engineering,2,6.12,1,4,1,0.75,0.7,6,placed_6m,606700,0.5900333333333334,0.92,2,1
STU0459,Engineering,2,6.89,0,3,1,0.75,0.7,12,placed_12m,694893,0.52365,0.84,2,2
STU0460,Engineering,3,8.51,0,0,0,0.75,0.45,12,placed_12m,702557,0.50035,0.0,2,2
STU0461,Data Science,3,8.18,0,4,0,0.85,0.45,12,placed_12m,1138028,0.5438000000000001,0.32000000000000006,1,2
STU0462,Nursing,2,5.69,1,2,0,0.6,0.7,3,placed_3m,459424,0.5324833333333333,0.16000000000000003,5,0
STU0463,Data Science,2,7.59,2,3,1,0.85,0.7,6,placed_6m,1084537,0.7298166666666668,0.84,1,1
STU0464,Arts,2,5.02,1,0,1,0.35,0.7,24,delayed,297462,0.45153333333333334,0.6,0,3
STU0465,MBA,2,7.25,0,2,1,0.7,0.7,6,placed_6m,836064,0.5187499999999999,0.76,4,1
STU0466,Engineering,2,9.29,1,4,1,0.75,0.7,6,placed_6m,863757,0.7009833333333333,0.92,2,1
STU0467,Law,1,6.16,2,0,0,0.45,1.0,6,placed_6m,651976,0.6497666666666667,0.0,3,1
STU0468,Engineering,2,6.28,0,0,1,0.75,0.7,6,placed_6m,663112,0.4723,0.6,2,1
STU0469,Arts,2,8.04,0,2,1,0.35,0.7,24,delayed,324254,0.4939,0.76,0,3
STU0470,Engineering,2,5.5,1,0,1,0.75,0.7,6,placed_6m,720940,0.5283333333333333,0.6,2,1
STU0471,Arts,3,6.5,2,1,1,0.35,0.45,3,placed_3m,328154,0.5466666666666667,0.6799999999999999,0,0
STU0472,Engineering,3,7.86,1,0,0,0.75,0.45,24,delayed,744496,0.5609333333333333,0.0,2,3
STU0473,Law,3,6.5,2,3,0,0.45,0.45,3,placed_3m,475019,0.5816666666666668,0.24,3,0
STU0474,Data Science,2,6.94,3,2,1,0.85,0.7,6,placed_6m,1135277,0.7804,0.76,1,1
STU0475,Arts,3,8.02,2,3,1,0.35,0.45,12,placed_12m,319581,0.6198666666666666,0.84,0,2
STU0476,Engineering,1,7.66,2,4,1,0.75,1.0,3,placed_3m,860467,0.7872666666666668,0.92,2,0
STU0477,Data Science,3,7.49,1,3,1,0.85,0.45,6,placed_6m,1133298,0.5929833333333334,0.84,1,1
STU0478,Arts,1,6.83,0,1,1,0.35,1.0,12,placed_12m,327313,0.50155,0.6799999999999999,0,2
STU0479,Data Science,3,7.61,3,1,1,0.85,0.45,3,placed_3m,1203258,0.7438499999999999,0.6799999999999999,1,0
STU0480,Data Science,2,7.06,1,3,1,0.85,0.7,3,placed_3m,1181634,0.6279333333333332,0.84,1,0
STU0481,Data Science,3,7.7,0,4,1,0.85,0.45,24,delayed,973018,0.527,0.92,1,3
STU0482,MBA,3,6.65,2,0,0,0.7,0.45,3,placed_3m,998130,0.5944166666666667,0.0,4,0
STU0483,Data Science,1,7.0,1,1,1,0.85,1.0,6,placed_6m,1096456,0.6658333333333333,0.6799999999999999,1,1
STU0484,Data Science,2,6.11,1,3,1,0.85,0.7,12,placed_12m,978051,0.5946833333333332,0.84,1,2
STU0485,Arts,3,7.16,1,3,1,0.35,0.45,6,placed_6m,332689,0.5064333333333333,0.84,0,1
STU0486,Engineering,2,6.31,1,3,1,0.75,0.7,12,placed_12m,651255,0.5866833333333332,0.84,2,2
STU0487,Engineering,3,5.97,2,0,1,0.75,0.45,3,placed_3m,663582,0.5781166666666666,0.6,2,0
STU0488,Arts,2,7.48,1,2,1,0.35,0.7,12,placed_12m,359888,0.5576333333333333,0.76,0,2
STU0489,Law,2,7.43,1,4,0,0.45,0.7,12,placed_12m,585785,0.5908833333333333,0.32000000000000006,3,2
STU0490,MBA,2,8.06,1,2,1,0.7,0.7,6,placed_6m,808717,0.6304333333333333,0.76,4,1
STU0491,Data Science,2,6.73,2,4,1,0.85,0.7,3,placed_3m,1094481,0.7097166666666668,0.92,1,0
STU0492,Engineering,3,7.65,2,4,1,0.75,0.45,6,placed_6m,672543,0.6769166666666666,0.92,2,1
STU0493,Engineering,2,7.81,1,3,0,0.75,0.7,3,placed_3m,765959,0.6391833333333332,0.24,2,0
STU0494,MBA,2,7.69,2,1,0,0.7,0.7,12,placed_12m,953868,0.6908166666666666,0.08000000000000002,4,2
STU0495,MBA,2,6.29,0,3,0,0.7,0.7,24,delayed,879225,0.49515,0.24,4,3
STU0496,Data Science,2,7.36,3,0,1,0.85,0.7,3,placed_3m,1192110,0.7751000000000001,0.6,1,0
STU0497,Engineering,3,7.6,1,4,0,0.75,0.45,6,placed_6m,736848,0.5918333333333333,0.32000000000000006,2,1
STU0498,Arts,3,7.21,2,1,1,0.35,0.45,6,placed_6m,308289,0.5715166666666666,0.6799999999999999,0,1
STU0499,Arts,2,4.9,0,4,0,0.35,0.7,12,placed_12m,300877,0.404,0.32000000000000006,0,2
STU0500,Data Science,3,7.38,0,4,0,0.85,0.45,12,placed_12m,1117172,0.5158,0.32000000000000006,1,2
STU0501,Data Science,3,9.63,1,3,0,0.85,0.45,6,placed_6m,1068687,0.6678833333333334,0.24,1,1
STU0502,MBA,2,6.8,2,1,0,0.7,0.7,3,placed_3m,1000945,0.6596666666666666,0.08000000000000002,4,0
STU0503,Law,3,6.4,1,1,1,0.45,0.45,24,delayed,499670,0.47483333333333333,0.6799999999999999,3,3
STU0504,Data Science,2,7.61,3,4,1,0.85,0.7,3,placed_3m,1076513,0.82385,0.92,1,0
STU0505,Engineering,1,7.54,1,1,1,0.75,1.0,6,placed_6m,763026,0.6697333333333333,0.6799999999999999,2,1
STU0506,Arts,3,8.51,1,1,0,0.35,0.45,6,placed_6m,348237,0.5336833333333333,0.08000000000000002,0,1
STU0507,Law,2,5.82,0,3,0,0.45,0.7,12,placed_12m,564378,0.44120000000000004,0.24,3,2
STU0508,Arts,3,8.0,2,2,1,0.35,0.45,12,placed_12m,309386,0.6091666666666666,0.76,0,2
STU0509,Nursing,3,7.85,0,0,1,0.6,0.45,3,placed_3m,441174,0.45475,0.6,5,0
STU0510,Data Science,1,7.04,3,2,0,0.85,1.0,6,placed_6m,1111353,0.8438999999999999,0.16000000000000003,1,1
STU0511,MBA,3,7.57,3,1,1,0.7,0.45,12,placed_12m,805885,0.71995,0.6799999999999999,4,2
STU0512,Arts,2,8.33,3,4,1,0.35,0.7,6,placed_6m,341549,0.77405,0.92,0,1
STU0513,Law,2,8.16,1,0,0,0.45,0.7,24,delayed,560619,0.5764333333333334,0.0,3,3
STU0514,Engineering,2,5.94,2,0,1,0.75,0.7,6,placed_6m,709816,0.6270666666666667,0.6,2,1
STU0515,Engineering,3,8.1,2,4,0,0.75,0.45,6,placed_6m,774871,0.6926666666666665,0.32000000000000006,2,1
STU0516,MBA,1,7.13,0,0,1,0.7,1.0,24,delayed,778939,0.55455,0.6,4,3
STU0517,Law,2,7.28,2,4,0,0.45,0.7,3,placed_3m,621290,0.6689666666666667,0.32000000000000006,3,0
STU0518,Arts,3,7.28,0,0,1,0.35,0.45,12,placed_12m,275769,0.3973,0.6,0,2
STU0519,Engineering,3,7.03,1,2,0,0.75,0.45,12,placed_12m,690238,0.5518833333333334,0.16000000000000003,2,2
STU0520,Data Science,3,8.51,0,0,1,0.85,0.45,12,placed_12m,981652,0.51535,0.6,1,2
STU0521,MBA,1,7.11,0,3,0,0.7,1.0,6,placed_6m,831591,0.5838500000000001,0.24,4,1
STU0522,Arts,2,5.97,1,4,1,0.35,0.7,24,delayed,318004,0.5247833333333333,0.92,0,3
STU0523,Law,2,6.77,1,0,1,0.45,0.7,6,placed_6m,551117,0.5277833333333333,0.6,3,1
STU0524,Law,3,7.4,2,4,1,0.45,0.45,6,placed_6m,569358,0.6231666666666666,0.92,3,1
STU0525,MBA,2,8.55,0,3,1,0.7,0.7,6,placed_6m,770630,0.57425,0.84,4,1
STU0526,MBA,2,7.86,1,0,1,0.7,0.7,12,placed_12m,950420,0.6034333333333333,0.6,4,2
STU0527,Engineering,3,6.26,0,0,0,0.75,0.45,24,delayed,641335,0.4216,0.0,2,3
STU0528,Engineering,1,9.93,1,3,0,0.75,1.0,6,placed_6m,820773,0.7733833333333333,0.24,2,1
STU0529,Law,3,7.49,2,3,1,0.45,0.45,6,placed_6m,523261,0.6163166666666666,0.84,3,1
STU0530,Law,3,8.6,1,3,0,0.45,0.45,6,placed_6m,643864,0.5718333333333334,0.24,3,1
STU0531,Arts,3,7.03,2,4,1,0.35,0.45,6,placed_6m,305905,0.5952166666666667,0.92,0,1
STU0532,Arts,2,7.79,1,3,0,0.35,0.7,6,placed_6m,325891,0.5784833333333333,0.24,0,1
STU0533,Data Science,1,8.12,2,4,1,0.85,1.0,12,placed_12m,1334520,0.8183666666666667,0.92,1,2
STU0534,Nursing,3,8.54,1,2,1,0.6,0.45,3,placed_3m,432361,0.5822333333333333,0.76,5,0
STU0535,Arts,3,8.36,1,0,1,0.35,0.45,3,placed_3m,348492,0.5184333333333333,0.6,0,0
STU0536,Law,3,8.16,2,0,1,0.45,0.45,6,placed_6m,623552,0.6097666666666667,0.6,3,1
STU0537,Engineering,1,6.85,0,1,0,0.75,1.0,6,placed_6m,726830,0.5622499999999999,0.08000000000000002,2,1
STU0538,MBA,3,6.57,2,2,1,0.7,0.45,12,placed_12m,849585,0.6116166666666667,0.76,4,2
STU0539,Engineering,3,7.57,2,3,0,0.75,0.45,3,placed_3m,725292,0.6641166666666667,0.24,2,0
STU0540,Arts,3,8.23,1,3,1,0.35,0.45,12,placed_12m,330794,0.5438833333333334,0.84,0,2
STU0541,Data Science,3,6.96,0,2,1,0.85,0.45,24,delayed,930237,0.48109999999999997,0.76,1,3
STU0542,Engineering,3,8.37,0,3,1,0.75,0.45,6,placed_6m,760192,0.52545,0.84,2,1
STU0543,Data Science,2,8.8,3,1,0,0.85,0.7,3,placed_3m,1096767,0.8355000000000001,0.08000000000000002,1,0
STU0544,Data Science,1,6.19,2,4,0,0.85,1.0,6,placed_6m,1165937,0.7508166666666667,0.32000000000000006,1,1
STU0545,MBA,2,6.28,0,0,0,0.7,0.7,12,placed_12m,858567,0.4648,0.0,4,2
STU0546,Engineering,1,7.05,1,2,0,0.75,1.0,3,placed_3m,771140,0.6625833333333333,0.16000000000000003,2,0
STU0547,Data Science,2,7.54,1,0,0,0.85,0.7,12,placed_12m,1138149,0.6147333333333334,0.0,1,2
STU0548,Data Science,2,6.62,2,4,1,0.85,0.7,3,placed_3m,1056741,0.7058666666666666,0.92,1,0
STU0549,Nursing,1,8.69,0,2,0,0.6,1.0,3,placed_3m,428869,0.61415,0.16000000000000003,5,0
STU0550,Data Science,2,7.67,0,4,1,0.85,0.7,3,placed_3m,1045161,0.57595,0.92,1,0
STU0551,Law,1,7.24,3,3,1,0.45,1.0,6,placed_6m,610187,0.8009000000000001,0.84,3,1
STU0552,Data Science,3,5.62,0,3,1,0.85,0.45,24,delayed,821228,0.44420000000000004,0.84,1,3
STU0553,Data Science,3,5.75,0,3,0,0.85,0.45,12,placed_12m,812912,0.44875,0.24,1,2
STU0554,Law,1,7.51,3,4,0,0.45,1.0,6,placed_6m,637383,0.82035,0.32000000000000006,3,1
STU0555,MBA,3,4.85,2,4,1,0.7,0.45,12,placed_12m,732483,0.5714166666666667,0.92,4,2
STU0556,Engineering,2,8.31,1,4,0,0.75,0.7,3,placed_3m,625543,0.6666833333333333,0.32000000000000006,2,0
STU0557,Engineering,2,7.03,0,0,1,0.75,0.7,12,placed_12m,703391,0.49855,0.6,2,2
STU0558,Nursing,1,10.0,0,4,0,0.6,1.0,6,placed_6m,575747,0.68,0.32000000000000006,5,1
STU0559,Data Science,2,9.74,0,3,1,0.85,0.7,24,delayed,1147890,0.6384000000000001,0.84,1,3
STU0560,Nursing,3,7.0,3,1,1,0.6,0.45,6,placed_6m,441288,0.6849999999999999,0.6799999999999999,5,1
STU0561,Engineering,3,7.08,1,4,1,0.75,0.45,12,placed_12m,658863,0.5736333333333333,0.92,2,2
STU0562,Engineering,1,8.3,2,1,0,0.75,1.0,6,placed_6m,771146,0.7796666666666667,0.08000000000000002,2,1
STU0563,Engineering,1,9.07,3,3,0,0.75,1.0,6,placed_6m,839026,0.90995,0.24,2,1
STU0564,MBA,2,5.4,1,4,1,0.7,0.7,6,placed_6m,808335,0.5573333333333333,0.92,4,1
STU0565,Data Science,2,5.23,0,0,1,0.85,0.7,12,placed_12m,863518,0.45054999999999995,0.6,1,2
STU0566,MBA,2,6.52,1,0,0,0.7,0.7,12,placed_12m,944064,0.5565333333333332,0.0,4,2
STU0567,MBA,2,7.84,3,1,0,0.7,0.7,3,placed_3m,867621,0.7794,0.08000000000000002,4,0
STU0568,Arts,3,7.75,2,0,0,0.35,0.45,3,placed_3m,348659,0.5804166666666666,0.0,0,0
STU0569,MBA,3,8.38,0,0,1,0.7,0.45,6,placed_6m,853681,0.4883,0.6,4,1
STU0570,Data Science,2,5.88,2,0,0,0.85,0.7,3,placed_3m,1166849,0.6399666666666666,0.0,1,0
STU0571,Nursing,3,4.65,1,3,1,0.6,0.45,12,placed_12m,383121,0.4560833333333334,0.84,5,2
STU0572,MBA,2,8.14,3,0,1,0.7,0.7,3,placed_3m,946611,0.7798999999999999,0.6,4,0
STU0573,Data Science,2,6.29,0,2,1,0.85,0.7,12,placed_12m,953669,0.5076499999999999,0.76,1,2
STU0574,Law,2,4.98,1,4,1,0.45,0.7,12,placed_12m,525254,0.5051333333333333,0.92,3,2
STU0575,Arts,2,7.36,2,0,1,0.35,0.7,6,placed_6m,313802,0.6167666666666667,0.6,0,1
STU0576,Engineering,3,8.07,1,0,1,0.75,0.45,3,placed_3m,665615,0.5682833333333333,0.6,2,0
STU0577,Arts,2,7.07,1,0,0,0.35,0.7,6,placed_6m,285970,0.5232833333333333,0.0,0,1
STU0578,MBA,2,6.7,0,2,1,0.7,0.7,6,placed_6m,778860,0.49949999999999994,0.76,4,1
STU0579,Engineering,2,7.02,1,0,1,0.75,0.7,3,placed_3m,705498,0.5815333333333332,0.6,2,0
STU0580,MBA,1,6.79,1,0,1,0.7,1.0,12,placed_12m,916473,0.6259833333333333,0.6,4,2
STU0581,Arts,3,5.72,3,4,1,0.35,0.45,12,placed_12m,263903,0.6326999999999999,0.92,0,2
STU0582,MBA,2,6.41,1,2,0,0.7,0.7,6,placed_6m,840411,0.5726833333333333,0.16000000000000003,4,1
STU0583,MBA,2,7.77,1,2,1,0.7,0.7,6,placed_6m,933432,0.6202833333333333,0.76,4,1
STU0584,Data Science,2,7.55,2,0,0,0.85,0.7,6,placed_6m,1087943,0.6984166666666667,0.0,1,1
STU0585,Engineering,2,7.38,0,2,1,0.75,0.7,6,placed_6m,657624,0.5307999999999999,0.76,2,1
STU0586,Engineering,1,6.11,1,1,0,0.75,1.0,12,placed_12m,678376,0.6196833333333334,0.08000000000000002,2,2
STU0587,Engineering,3,7.0,2,2,1,0.75,0.45,3,placed_3m,664303,0.6341666666666665,0.76,2,0
STU0588,Engineering,2,4.81,2,2,0,0.75,0.7,6,placed_6m,620093,0.6075166666666667,0.16000000000000003,2,1
STU0589,Engineering,3,7.4,2,2,1,0.75,0.45,6,placed_6m,706733,0.6481666666666666,0.76,2,1
STU0590,Engineering,3,8.77,2,3,1,0.75,0.45,3,placed_3m,854171,0.7061166666666667,0.84,2,0
STU0591,Data Science,3,5.58,0,3,0,0.85,0.45,12,placed_12m,840984,0.44279999999999997,0.24,1,2
STU0592,Engineering,2,6.56,3,3,1,0.75,0.7,3,placed_3m,711643,0.7621,0.84,2,0
STU0593,MBA,2,7.56,0,2,1,0.7,0.7,24,delayed,835473,0.5296,0.76,4,3
STU0594,Law,1,8.58,2,1,1,0.45,1.0,3,placed_3m,642167,0.7444666666666667,0.6799999999999999,3,0
STU0595,MBA,3,6.71,1,2,0,0.7,0.45,24,delayed,859904,0.5331833333333333,0.16000000000000003,4,3
STU0596,Data Science,2,6.44,3,0,1,0.85,0.7,6,placed_6m,908779,0.7428999999999999,0.6,1,1
STU0597,Engineering,2,5.03,2,1,1,0.75,0.7,6,placed_6m,632034,0.6052166666666667,0.6799999999999999,2,1
STU0598,Engineering,2,7.31,2,3,1,0.75,0.7,6,placed_6m,765192,0.7050166666666666,0.84,2,1
STU0599,Engineering,1,9.45,0,4,1,0.75,1.0,6,placed_6m,771771,0.6832500000000001,0.92,2,1
STU0600,Engineering,2,7.51,1,1,1,0.75,0.7,12,placed_12m,664752,0.6086833333333332,0.6799999999999999,2,2
STU0601,Engineering,1,7.18,2,3,0,0.75,1.0,3,placed_3m,782671,0.7604666666666666,0.24,2,0
STU0602,Engineering,3,7.55,2,1,0,0.75,0.45,12,placed_12m,739133,0.6434166666666665,0.08000000000000002,2,2
STU0603,Engineering,2,7.19,0,1,0,0.75,0.7,12,placed_12m,684744,0.5141500000000001,0.08000000000000002,2,2
STU0604,Engineering,1,6.31,3,2,0,0.75,1.0,6,placed_6m,713211,0.80335,0.16000000000000003,2,1
STU0605,MBA,2,8.11,3,0,1,0.7,0.7,3,placed_3m,994144,0.7788499999999999,0.6,4,0
STU0606,Engineering,1,7.45,1,4,1,0.75,1.0,3,placed_3m,730401,0.6965833333333333,0.92,2,0
STU0607,MBA,2,7.22,2,3,0,0.7,0.7,12,placed_12m,939187,0.6943666666666667,0.24,4,2
STU0608,Data Science,3,6.13,1,1,1,0.85,0.45,6,placed_6m,1067264,0.5253833333333333,0.6799999999999999,1,1
STU0609,Data Science,1,8.63,1,4,1,0.85,1.0,6,placed_6m,984672,0.7528833333333333,0.92,1,1
STU0610,Engineering,3,7.93,1,1,1,0.75,0.45,12,placed_12m,692266,0.5733833333333334,0.6799999999999999,2,2
STU0611,Nursing,1,6.59,1,0,1,0.6,1.0,12,placed_12m,398644,0.6039833333333333,0.6,5,2
STU0612,Data Science,2,8.3,2,4,1,0.85,0.7,3,placed_3m,1314774,0.7646666666666666,0.92,1,0
STU0613,Engineering,3,6.65,1,3,0,0.75,0.45,12,placed_12m,626110,0.5485833333333334,0.24,2,2
STU0614,Law,2,6.34,2,1,0,0.45,0.7,3,placed_3m,613558,0.6060666666666666,0.08000000000000002,3,0
STU0615,Arts,1,6.36,2,0,0,0.35,1.0,6,placed_6m,341476,0.6417666666666666,0.0,0,1
STU0616,Engineering,2,5.25,2,4,1,0.75,0.7,6,placed_6m,625506,0.6429166666666666,0.92,2,1
STU0617,Engineering,2,7.72,0,1,0,0.75,0.7,6,placed_6m,653802,0.5327,0.08000000000000002,2,1
STU0618,Law,3,5.19,2,1,1,0.45,0.45,24,delayed,571404,0.5158166666666667,0.6799999999999999,3,3
STU0619,Nursing,2,5.85,1,3,0,0.6,0.7,24,delayed,434052,0.5480833333333333,0.24,5,3
STU0620,Engineering,3,4.92,1,0,1,0.75,0.45,12,placed_12m,689797,0.45803333333333335,0.6,2,2
STU0621,Engineering,3,7.11,0,2,0,0.75,0.45,24,delayed,629821,0.47135000000000005,0.16000000000000003,2,3
STU0622,MBA,2,7.03,1,1,0,0.7,0.7,12,placed_12m,879824,0.5843833333333334,0.08000000000000002,4,2
STU0623,MBA,3,6.84,3,4,0,0.7,0.45,12,placed_12m,851742,0.7243999999999999,0.32000000000000006,4,2
STU0624,Data Science,2,6.05,1,3,1,0.85,0.7,6,placed_6m,981472,0.5925833333333332,0.84,1,1
STU0625,MBA,3,5.91,2,3,0,0.7,0.45,6,placed_6m,754757,0.5985166666666667,0.24,4,1
STU0626,MBA,1,7.71,0,1,1,0.7,1.0,12,placed_12m,912945,0.58485,0.6799999999999999,4,2
STU0627,Nursing,3,6.59,1,1,0,0.6,0.45,24,delayed,376167,0.5039833333333333,0.08000000000000002,5,3
STU0628,Engineering,2,7.55,3,1,0,0.75,0.7,6,placed_6m,774151,0.77675,0.08000000000000002,2,1
STU0629,Engineering,2,6.23,2,2,1,0.75,0.7,6,placed_6m,701447,0.6572166666666666,0.76,2,1
STU0630,Nursing,2,7.4,0,1,0,0.6,0.7,12,placed_12m,440029,0.499,0.08000000000000002,5,2
STU0631,Law,3,8.63,1,0,1,0.45,0.45,12,placed_12m,657012,0.5428833333333334,0.6,3,2
STU0632,Data Science,1,7.84,0,4,1,0.85,1.0,3,placed_3m,1109674,0.6419,0.92,1,0
STU0633,Data Science,1,6.75,1,1,0,0.85,1.0,6,placed_6m,1141819,0.6570833333333332,0.08000000000000002,1,1
STU0634,Engineering,3,7.48,2,2,0,0.75,0.45,6,placed_6m,799460,0.6509666666666667,0.16000000000000003,2,1
STU0635,MBA,3,6.94,2,4,0,0.7,0.45,3,placed_3m,938782,0.6445666666666667,0.32000000000000006,4,0
STU0636,Data Science,3,7.21,0,3,1,0.85,0.45,3,placed_3m,1067793,0.49985,0.84,1,0
STU0637,Engineering,3,6.84,3,1,1,0.75,0.45,6,placed_6m,687033,0.7019,0.6799999999999999,2,1
STU0638,Engineering,3,7.02,1,4,1,0.75,0.45,24,delayed,655599,0.5715333333333333,0.92,2,3
STU0639,MBA,3,7.43,1,3,1,0.7,0.45,12,placed_12m,760902,0.5683833333333334,0.84,4,2
STU0640,Engineering,2,6.11,1,2,0,0.75,0.7,12,placed_12m,686167,0.5696833333333333,0.16000000000000003,2,2
STU0641,MBA,1,6.08,2,0,1,0.7,1.0,3,placed_3m,927375,0.6844666666666666,0.6,4,0
STU0642,Engineering,3,5.67,1,1,1,0.75,0.45,6,placed_6m,627800,0.4942833333333333,0.6799999999999999,2,1
STU0643,MBA,2,5.44,1,0,1,0.7,0.7,12,placed_12m,864370,0.5187333333333333,0.6,4,2
STU0644,Engineering,1,5.86,1,2,1,0.75,1.0,12,placed_12m,632856,0.6209333333333333,0.76,2,2
STU0645,Law,2,7.38,0,4,1,0.45,0.7,12,placed_12m,632279,0.5058,0.92,3,2
STU0646,Data Science,3,6.22,2,4,0,0.85,0.45,6,placed_6m,1059484,0.6418666666666667,0.32000000000000006,1,1
STU0647,Data Science,2,7.76,1,2,1,0.85,0.7,6,placed_6m,1074088,0.6424333333333334,0.76,1,1
STU0648,Nursing,2,7.24,0,2,1,0.6,0.7,6,placed_6m,428454,0.5034,0.76,5,1
STU0649,MBA,2,5.03,2,1,0,0.7,0.7,3,placed_3m,855448,0.5977166666666667,0.08000000000000002,4,0
STU0650,Engineering,2,7.92,3,3,1,0.75,0.7,3,placed_3m,840865,0.8097000000000001,0.84,2,0
STU0651,Data Science,2,8.09,3,0,0,0.85,0.7,3,placed_3m,1166825,0.8006500000000001,0.0,1,0
STU0652,Data Science,2,6.11,1,0,1,0.85,0.7,6,placed_6m,1014924,0.5646833333333332,0.6,1,1
STU0653,Nursing,1,7.66,0,4,1,0.6,1.0,6,placed_6m,464382,0.5981000000000001,0.92,5,1
STU0654,MBA,3,6.26,1,4,0,0.7,0.45,6,placed_6m,912215,0.5374333333333333,0.32000000000000006,4,1
STU0655,Engineering,2,7.31,0,1,1,0.75,0.7,12,placed_12m,660516,0.5183499999999999,0.6799999999999999,2,2
STU0656,Engineering,3,5.81,3,2,1,0.75,0.45,6,placed_6m,669355,0.6758500000000001,0.76,2,1
STU0657,MBA,3,5.23,0,0,1,0.7,0.45,12,placed_12m,820090,0.37805,0.6,4,2
STU0658,Data Science,2,6.78,1,1,0,0.85,0.7,6,placed_6m,1045385,0.5981333333333334,0.08000000000000002,1,1
STU0659,Data Science,3,7.06,1,4,0,0.85,0.45,6,placed_6m,1084493,0.5879333333333334,0.32000000000000006,1,1
STU0660,MBA,2,6.76,1,4,0,0.7,0.7,12,placed_12m,797668,0.6049333333333333,0.32000000000000006,4,2
STU0661,Arts,3,5.9,2,0,0,0.35,0.45,12,placed_12m,296834,0.5156666666666667,0.0,0,2
STU0662,Data Science,2,6.76,1,4,1,0.85,0.7,6,placed_6m,1140834,0.6274333333333333,0.92,1,1
STU0663,Engineering,3,7.5,0,4,1,0.75,0.45,12,placed_12m,621422,0.505,0.92,2,2
STU0664,Engineering,2,7.15,1,3,1,0.75,0.7,12,placed_12m,686256,0.6160833333333333,0.84,2,2
STU0665,Engineering,2,7.4,1,2,1,0.75,0.7,3,placed_3m,724593,0.6148333333333333,0.76,2,0
STU0666,Engineering,1,6.46,0,4,1,0.75,1.0,6,placed_6m,648906,0.5786,0.92,2,1
STU0667,Engineering,3,8.49,2,3,1,0.75,0.45,12,placed_12m,703803,0.6963166666666667,0.84,2,2
STU0668,Engineering,3,5.91,1,1,1,0.75,0.45,24,delayed,616592,0.5026833333333333,0.6799999999999999,2,3
STU0669,Engineering,2,7.74,2,4,1,0.75,0.7,3,placed_3m,744580,0.7300666666666666,0.92,2,0
STU0670,Engineering,2,8.5,3,1,1,0.75,0.7,6,placed_6m,842959,0.81,0.6799999999999999,2,1
STU0671,Law,2,7.73,3,4,0,0.45,0.7,3,placed_3m,696758,0.7680500000000001,0.32000000000000006,3,0
STU0672,Engineering,3,6.98,3,0,0,0.75,0.45,12,placed_12m,657224,0.6968000000000001,0.0,2,2
STU0673,Data Science,1,6.62,0,3,1,0.85,1.0,6,placed_6m,1059610,0.5892,0.84,1,1
STU0674,MBA,3,8.34,0,3,1,0.7,0.45,12,placed_12m,889443,0.5169,0.84,4,2
STU0675,Arts,2,5.63,1,0,1,0.35,0.7,3,placed_3m,341635,0.4728833333333333,0.6,0,0
STU0676,Engineering,2,6.13,3,2,1,0.75,0.7,12,placed_12m,737473,0.73705,0.76,2,2
STU0677,MBA,1,6.76,3,3,0,0.7,1.0,6,placed_6m,974180,0.8215999999999999,0.24,4,1
STU0678,Arts,1,8.56,2,1,1,0.35,1.0,12,placed_12m,384457,0.7287666666666668,0.6799999999999999,0,2
STU0679,Law,2,7.62,0,3,0,0.45,0.7,6,placed_6m,606144,0.5042,0.24,3,1
STU0680,Law,2,6.14,3,2,1,0.45,0.7,6,placed_6m,555020,0.6924,0.76,3,1
STU0681,Engineering,3,6.86,1,1,1,0.75,0.45,24,delayed,649014,0.5359333333333334,0.6799999999999999,2,3
STU0682,Engineering,1,6.52,0,1,0,0.75,1.0,12,placed_12m,760767,0.5507,0.08000000000000002,2,2
STU0683,Data Science,2,6.42,1,0,1,0.85,0.7,6,placed_6m,1003685,0.5755333333333332,0.6,1,1
STU0684,Arts,2,8.28,0,4,1,0.35,0.7,24,delayed,325974,0.5223,0.92,0,3
STU0685,Data Science,1,5.69,1,0,0,0.85,1.0,12,placed_12m,1011137,0.6099833333333333,0.0,1,2
STU0686,Data Science,1,8.97,1,4,1,0.85,1.0,6,placed_6m,1020786,0.7647833333333334,0.92,1,1
STU0687,Engineering,2,8.11,1,0,1,0.75,0.7,6,placed_6m,730819,0.6196833333333331,0.6,2,1
STU0688,Nursing,2,8.4,2,4,1,0.6,0.7,12,placed_12m,484806,0.7306666666666667,0.92,5,2
STU0689,Engineering,2,6.69,2,3,0,0.75,0.7,12,placed_12m,675123,0.6833166666666666,0.24,2,2
STU0690,MBA,2,7.04,2,1,0,0.7,0.7,6,placed_6m,827661,0.6680666666666666,0.08000000000000002,4,1
STU0691,MBA,2,5.62,1,4,1,0.7,0.7,12,placed_12m,756796,0.5650333333333334,0.92,4,2
STU0692,Data Science,1,6.62,2,3,0,0.85,1.0,6,placed_6m,1166800,0.7558666666666667,0.24,1,1
STU0693,Engineering,2,7.74,3,2,1,0.75,0.7,3,placed_3m,857221,0.7933999999999999,0.76,2,0
STU0694,Engineering,3,8.63,0,0,0,0.75,0.45,6,placed_6m,761626,0.50455,0.0,2,1
STU0695,Data Science,2,5.98,1,2,1,0.85,0.7,6,placed_6m,902152,0.5801333333333334,0.76,1,1
STU0696,Engineering,3,6.8,1,3,1,0.75,0.45,6,placed_6m,701460,0.5538333333333334,0.84,2,1
STU0697,Data Science,2,7.03,0,2,0,0.85,0.7,12,placed_12m,957262,0.53355,0.16000000000000003,1,2
STU0698,Engineering,3,5.66,2,2,0,0.75,0.45,3,placed_3m,622240,0.5872666666666667,0.16000000000000003,2,0
STU0699,MBA,3,7.85,2,3,1,0.7,0.45,6,placed_6m,862299,0.6664166666666665,0.84,4,1
STU0700,Data Science,2,6.4,0,1,1,0.85,0.7,6,placed_6m,1038749,0.5015,0.6799999999999999,1,1
STU0701,Engineering,3,6.99,2,4,0,0.75,0.45,12,placed_12m,724596,0.6538166666666667,0.32000000000000006,2,2
STU0702,MBA,1,6.7,2,0,1,0.7,1.0,3,placed_3m,928287,0.7061666666666666,0.6,4,0
STU0703,Engineering,1,6.33,3,4,0,0.75,1.0,3,placed_3m,752310,0.8240500000000002,0.32000000000000006,2,0
STU0704,Engineering,3,7.19,1,0,1,0.75,0.45,12,placed_12m,687052,0.5374833333333333,0.6,2,2
STU0705,Arts,3,6.96,3,4,1,0.35,0.45,12,placed_12m,338402,0.6760999999999999,0.92,0,2
STU0706,MBA,1,6.79,1,2,0,0.7,1.0,12,placed_12m,968984,0.6459833333333334,0.16000000000000003,4,2
STU0707,Law,2,6.4,1,1,1,0.45,0.7,12,placed_12m,507759,0.5248333333333333,0.6799999999999999,3,2
STU0708,Engineering,1,7.55,0,2,0,0.75,1.0,12,placed_12m,722505,0.59675,0.16000000000000003,2,2
STU0709,Data Science,2,9.02,0,1,0,0.85,0.7,12,placed_12m,1017456,0.5932,0.08000000000000002,1,2
STU0710,Nursing,3,7.35,2,3,0,0.6,0.45,12,placed_12m,435208,0.6339166666666666,0.24,5,2
STU0711,Data Science,2,8.3,1,0,1,0.85,0.7,6,placed_6m,1086773,0.6413333333333333,0.6,1,1
STU0712,MBA,2,5.67,1,0,1,0.7,0.7,24,delayed,789848,0.5267833333333333,0.6,4,3
STU0713,MBA,2,7.37,0,3,1,0.7,0.7,6,placed_6m,811648,0.5329499999999999,0.84,4,1
STU0714,MBA,1,5.99,2,4,0,0.7,1.0,6,placed_6m,813621,0.7213166666666666,0.32000000000000006,4,1
STU0715,Arts,2,5.58,0,3,0,0.35,0.7,24,delayed,238339,0.41779999999999995,0.24,0,3
STU0716,Law,2,6.39,2,3,1,0.45,0.7,12,placed_12m,570253,0.6278166666666667,0.84,3,2
STU0717,Arts,3,8.51,0,1,0,0.35,0.45,24,delayed,302700,0.45035,0.08000000000000002,0,3
STU0718,Engineering,3,8.25,0,3,1,0.75,0.45,24,delayed,628905,0.52125,0.84,2,3
STU0719,Nursing,1,7.47,1,0,0,0.6,1.0,3,placed_3m,515375,0.6347833333333333,0.0,5,0
STU0720,Arts,3,5.51,1,2,1,0.35,0.45,12,placed_12m,267478,0.4386833333333333,0.76,0,2
STU0721,Engineering,3,6.98,1,1,0,0.75,0.45,6,placed_6m,734030,0.5401333333333334,0.08000000000000002,2,1
STU0722,Engineering,3,7.53,1,1,1,0.75,0.45,12,placed_12m,752900,0.5593833333333333,0.6799999999999999,2,2
STU0723,Nursing,2,7.39,3,4,0,0.6,0.7,6,placed_6m,414611,0.7786500000000001,0.32000000000000006,5,1
STU0724,Data Science,2,5.17,2,2,0,0.85,0.7,6,placed_6m,999133,0.6351166666666668,0.16000000000000003,1,1
STU0725,Law,2,6.22,0,1,0,0.45,0.7,12,placed_12m,522028,0.4352,0.08000000000000002,3,2
STU0726,Engineering,1,7.13,1,3,0,0.75,1.0,12,placed_12m,589118,0.6753833333333334,0.24,2,2
STU0727,Nursing,2,7.79,2,1,0,0.6,0.7,6,placed_6m,424874,0.6793166666666667,0.08000000000000002,5,1
STU0728,Engineering,2,4.78,1,1,1,0.75,0.7,12,placed_12m,659724,0.5131333333333332,0.6799999999999999,2,2
STU0729,Engineering,2,7.02,0,1,1,0.75,0.7,3,placed_3m,777821,0.5081999999999999,0.6799999999999999,2,0
STU0730,Engineering,3,7.36,2,4,1,0.75,0.45,6,placed_6m,740549,0.6667666666666667,0.92,2,1
STU0731,Law,2,8.13,2,1,1,0.45,0.7,3,placed_3m,641517,0.6687166666666667,0.6799999999999999,3,0
STU0732,Data Science,1,7.96,1,1,1,0.85,1.0,6,placed_6m,1140510,0.6994333333333334,0.6799999999999999,1,1
STU0733,Data Science,3,7.84,0,4,1,0.85,0.45,24,delayed,1094989,0.5319,0.92,1,3
STU0734,MBA,3,6.32,0,2,1,0.7,0.45,3,placed_3m,916209,0.4362,0.76,4,0
STU0735,Law,3,5.1,2,0,1,0.45,0.45,12,placed_12m,494889,0.5026666666666666,0.6,3,2
STU0736,MBA,3,6.77,0,4,1,0.7,0.45,12,placed_12m,670037,0.47195,0.92,4,2
STU0737,Law,2,8.3,1,4,0,0.45,0.7,3,placed_3m,532159,0.6213333333333333,0.32000000000000006,3,0
STU0738,MBA,3,8.73,1,1,0,0.7,0.45,6,placed_6m,977417,0.5938833333333333,0.08000000000000002,4,1
STU0739,MBA,1,7.98,1,1,1,0.7,1.0,3,placed_3m,954299,0.6776333333333333,0.6799999999999999,4,0
STU0740,MBA,2,7.67,3,0,0,0.7,0.7,6,placed_6m,956829,0.76345,0.0,4,1
STU0741,MBA,2,7.62,2,1,1,0.7,0.7,3,placed_3m,816033,0.6883666666666667,0.6799999999999999,4,0
STU0742,Nursing,1,6.59,2,3,1,0.6,1.0,3,placed_3m,448238,0.7173166666666667,0.84,5,0
STU0743,Data Science,1,7.06,0,1,0,0.85,1.0,12,placed_12m,1038787,0.5846,0.08000000000000002,1,2
STU0744,Engineering,2,9.04,0,1,0,0.75,0.7,12,placed_12m,740055,0.5789,0.08000000000000002,2,2
STU0745,Law,3,6.16,1,3,1,0.45,0.45,12,placed_12m,512302,0.4864333333333334,0.84,3,2
STU0746,MBA,2,8.98,0,0,1,0.7,0.7,6,placed_6m,857495,0.5592999999999999,0.6,4,1
STU0747,Data Science,1,6.85,3,3,0,0.85,1.0,3,placed_3m,1100945,0.8472500000000001,0.24,1,0
STU0748,Arts,3,8.66,0,4,1,0.35,0.45,12,placed_12m,348478,0.48560000000000003,0.92,0,2
STU0749,Data Science,2,5.65,1,3,1,0.85,0.7,6,placed_6m,1001737,0.5785833333333334,0.84,1,1
STU0750,Engineering,2,7.84,1,2,0,0.75,0.7,6,placed_6m,751218,0.6302333333333332,0.16000000000000003,2,1
STU0751,Arts,3,6.39,2,4,0,0.35,0.45,12,placed_12m,288185,0.5728166666666668,0.32000000000000006,0,2
STU0752,Data Science,2,5.64,0,1,1,0.85,0.7,12,placed_12m,729768,0.47489999999999993,0.6799999999999999,1,2
STU0753,MBA,2,7.44,1,4,0,0.7,0.7,6,placed_6m,855753,0.6287333333333333,0.32000000000000006,4,1
STU0754,Engineering,3,8.31,1,0,1,0.75,0.45,6,placed_6m,664217,0.5766833333333333,0.6,2,1
STU0755,Nursing,2,6.27,3,0,1,0.6,0.7,6,placed_6m,463200,0.6994499999999999,0.6,5,1
STU0756,Data Science,2,5.55,0,3,1,0.85,0.7,12,placed_12m,1174870,0.4917499999999999,0.84,1,2
STU0757,Data Science,3,7.1,3,4,1,0.85,0.45,6,placed_6m,1114255,0.756,0.92,1,1
STU0758,Law,3,7.1,2,1,1,0.45,0.45,12,placed_12m,677867,0.5826666666666667,0.6799999999999999,3,2
STU0759,Nursing,1,7.8,1,0,0,0.6,1.0,12,placed_12m,491717,0.6463333333333333,0.0,5,2
STU0760,Engineering,1,8.24,2,1,0,0.75,1.0,3,placed_3m,763352,0.7775666666666667,0.08000000000000002,2,0
STU0761,MBA,1,7.13,0,2,1,0.7,1.0,6,placed_6m,916549,0.57455,0.76,4,1
STU0762,Engineering,2,9.24,3,0,1,0.75,0.7,6,placed_6m,889202,0.8259000000000001,0.6,2,1
STU0763,Nursing,2,7.45,1,3,0,0.6,0.7,3,placed_3m,507596,0.6040833333333333,0.24,5,0
STU0764,Engineering,1,6.82,1,2,1,0.75,1.0,6,placed_6m,699451,0.6545333333333334,0.76,2,1
STU0765,Data Science,3,5.43,1,4,0,0.85,0.45,24,delayed,913456,0.5308833333333334,0.32000000000000006,1,3
STU0766,Nursing,2,6.91,0,1,0,0.6,0.7,24,delayed,369060,0.48185,0.08000000000000002,5,3
STU0767,Law,2,6.83,3,0,0,0.45,0.7,3,placed_3m,645611,0.69655,0.0,3,0
STU0768,MBA,2,8.26,0,2,1,0.7,0.7,24,delayed,957813,0.5540999999999999,0.76,4,3
STU0769,Law,3,7.71,2,2,1,0.45,0.45,3,placed_3m,594518,0.6140166666666667,0.76,3,0
STU0770,Engineering,1,5.9,1,0,0,0.75,1.0,6,placed_6m,667546,0.6023333333333334,0.0,2,1
STU0771,Law,2,7.39,3,4,0,0.45,0.7,3,placed_3m,641017,0.7561500000000001,0.32000000000000006,3,0
STU0772,Engineering,3,7.94,0,4,0,0.75,0.45,12,placed_12m,687198,0.5204,0.32000000000000006,2,2
STU0773,MBA,2,8.88,1,3,1,0.7,0.7,6,placed_6m,946024,0.6691333333333334,0.84,4,1
STU0774,Nursing,2,8.18,1,4,0,0.6,0.7,6,placed_6m,468898,0.6396333333333333,0.32000000000000006,5,1
STU0775,Engineering,2,8.04,2,3,1,0.75,0.7,3,placed_3m,743014,0.7305666666666666,0.84,2,0
STU0776,Engineering,1,7.27,0,2,0,0.75,1.0,6,placed_6m,768288,0.58695,0.16000000000000003,2,1
STU0777,Nursing,1,7.63,0,0,1,0.6,1.0,12,placed_12m,480797,0.55705,0.6,5,2
STU0778,Nursing,2,8.57,0,4,0,0.6,0.7,12,placed_12m,423728,0.56995,0.32000000000000006,5,2
STU0779,Data Science,2,5.73,2,3,1,0.85,0.7,12,placed_12m,933764,0.6647166666666666,0.84,1,2
STU0780,Data Science,1,6.82,0,2,0,0.85,1.0,3,placed_3m,1047762,0.5862,0.16000000000000003,1,0
STU0781,Data Science,3,6.35,1,4,0,0.85,0.45,12,placed_12m,1012310,0.5630833333333334,0.32000000000000006,1,2
STU0782,Engineering,3,7.62,0,1,1,0.75,0.45,12,placed_12m,664618,0.4792,0.6799999999999999,2,2
STU0783,MBA,3,8.55,2,2,1,0.7,0.45,12,placed_12m,868407,0.6809166666666666,0.76,4,2
STU0784,Engineering,3,6.54,3,4,1,0.75,0.45,6,placed_6m,705352,0.7214,0.92,2,1
STU0785,Arts,2,4.57,1,2,1,0.35,0.7,24,delayed,273112,0.4557833333333333,0.76,0,3
STU0786,Data Science,3,6.75,1,0,1,0.85,0.45,12,placed_12m,1040490,0.5370833333333334,0.6,1,2
STU0787,MBA,1,8.2,0,0,1,0.7,1.0,6,placed_6m,955789,0.592,0.6,4,1
STU0788,MBA,3,7.79,0,0,0,0.7,0.45,24,delayed,790760,0.46765,0.0,4,3
STU0789,Arts,3,7.67,1,1,1,0.35,0.45,6,placed_6m,325613,0.5042833333333333,0.6799999999999999,0,1
STU0790,Engineering,3,6.89,2,0,1,0.75,0.45,12,placed_12m,738882,0.6103166666666666,0.6,2,2
STU0791,Data Science,3,5.79,1,1,0,0.85,0.45,12,placed_12m,893174,0.5134833333333333,0.08000000000000002,1,2
STU0792,Data Science,2,7.77,3,0,1,0.85,0.7,3,placed_3m,1173873,0.78945,0.6,1,0
STU0793,Data Science,2,6.28,1,2,0,0.85,0.7,6,placed_6m,1007379,0.5906333333333333,0.16000000000000003,1,1
STU0794,Engineering,2,9.6,2,4,0,0.75,0.7,6,placed_6m,815070,0.7951666666666666,0.32000000000000006,2,1
STU0795,Law,2,7.83,1,4,1,0.45,0.7,3,placed_3m,578048,0.6048833333333333,0.92,3,0
STU0796,Arts,1,6.56,1,0,1,0.35,1.0,6,placed_6m,338162,0.5654333333333332,0.6,0,1
STU0797,Data Science,2,6.53,1,4,0,0.85,0.7,6,placed_6m,1103249,0.6193833333333334,0.32000000000000006,1,1
STU0798,Data Science,3,7.1,1,0,0,0.85,0.45,24,delayed,902934,0.5493333333333333,0.0,1,3
STU0799,Arts,1,6.94,1,0,1,0.35,1.0,12,placed_12m,307666,0.5787333333333333,0.6,0,2
STU0800,Nursing,3,8.43,2,3,0,0.6,0.45,3,placed_3m,425039,0.6717166666666666,0.24,5,0
STU0801,Engineering,3,7.41,3,3,1,0.75,0.45,6,placed_6m,662459,0.7418499999999999,0.84,2,1
STU0802,Data Science,3,6.4,1,3,1,0.85,0.45,24,delayed,981647,0.5548333333333333,0.84,1,3
STU0803,Data Science,3,9.28,0,1,1,0.85,0.45,6,placed_6m,971104,0.5523,0.6799999999999999,1,1
STU0804,MBA,2,7.25,1,3,1,0.7,0.7,3,placed_3m,866972,0.6120833333333333,0.84,4,0
STU0805,Nursing,3,8.05,1,0,1,0.6,0.45,6,placed_6m,460781,0.5450833333333334,0.6,5,1
STU0806,Arts,3,6.53,0,2,1,0.35,0.45,24,delayed,293966,0.39105,0.76,0,3
STU0807,Arts,1,7.6,2,3,1,0.35,1.0,6,placed_6m,350922,0.7151666666666667,0.84,0,1
STU0808,MBA,2,7.54,3,3,1,0.7,0.7,3,placed_3m,957101,0.7889,0.84,4,0
STU0809,Engineering,3,5.12,3,2,1,0.75,0.45,24,delayed,632784,0.6517,0.76,2,3
STU0810,Arts,2,9.42,0,0,1,0.35,0.7,6,placed_6m,344512,0.5221999999999999,0.6,0,1
STU0811,Law,2,8.62,2,1,0,0.45,0.7,6,placed_6m,629142,0.6858666666666666,0.08000000000000002,3,1
STU0812,Engineering,3,6.76,2,3,0,0.75,0.45,6,placed_6m,786693,0.6357666666666666,0.24,2,1
STU0813,Arts,1,5.99,1,2,0,0.35,1.0,6,placed_6m,345786,0.5654833333333333,0.16000000000000003,0,1
STU0814,Law,2,7.58,1,0,0,0.45,0.7,12,placed_12m,687950,0.5561333333333333,0.0,3,2
STU0815,Data Science,3,7.3,2,4,0,0.85,0.45,3,placed_3m,1012885,0.6796666666666666,0.32000000000000006,1,0
STU0816,Data Science,2,7.59,1,1,1,0.85,0.7,6,placed_6m,1065238,0.6264833333333333,0.6799999999999999,1,1
STU0817,MBA,1,7.41,1,2,1,0.7,1.0,6,placed_6m,851100,0.6676833333333333,0.76,4,1
STU0818,Engineering,1,7.76,1,2,1,0.75,1.0,3,placed_3m,720096,0.6874333333333333,0.76,2,0
STU0819,MBA,2,8.79,1,2,1,0.7,0.7,6,placed_6m,1051941,0.6559833333333333,0.76,4,1
STU0820,Law,3,7.82,0,3,1,0.45,0.45,6,placed_6m,538491,0.46120000000000005,0.84,3,1
STU0821,Engineering,2,6.05,3,4,1,0.75,0.7,3,placed_3m,803736,0.7542500000000001,0.92,2,0
STU0822,MBA,2,8.7,2,1,1,0.7,0.7,3,placed_3m,889416,0.7261666666666666,0.6799999999999999,4,0
STU0823,MBA,2,9.0,2,0,0,0.7,0.7,3,placed_3m,912279,0.7266666666666667,0.0,4,0
STU0824,Data Science,2,10.0,0,0,1,0.85,0.7,6,placed_6m,1125181,0.6174999999999999,0.6,1,1
STU0825,Arts,3,5.96,2,4,1,0.35,0.45,6,placed_6m,304436,0.5577666666666667,0.92,0,1
STU0826,MBA,3,7.47,0,2,0,0.7,0.45,12,placed_12m,871654,0.47645,0.16000000000000003,4,2
STU0827,MBA,1,4.91,0,2,1,0.7,1.0,24,delayed,811159,0.49685,0.76,4,3
STU0828,Nursing,2,7.81,1,2,1,0.6,0.7,12,placed_12m,439071,0.6066833333333332,0.76,5,2
STU0829,MBA,1,6.6,1,2,0,0.7,1.0,12,placed_12m,883137,0.6393333333333333,0.16000000000000003,4,2
STU0830,Engineering,2,9.32,1,2,1,0.75,0.7,24,delayed,728158,0.6820333333333333,0.76,2,3
STU0831,MBA,3,6.35,0,4,0,0.7,0.45,12,placed_12m,719417,0.45724999999999993,0.32000000000000006,4,2
STU0832,Engineering,1,5.34,1,3,0,0.75,1.0,12,placed_12m,632634,0.6127333333333334,0.24,2,2
STU0833,Engineering,2,6.68,0,1,1,0.75,0.7,12,placed_12m,708786,0.4962999999999999,0.6799999999999999,2,2
STU0834,MBA,2,5.03,3,2,1,0.7,0.7,6,placed_6m,736946,0.6910499999999999,0.76,4,1
STU0835,MBA,3,8.03,1,3,1,0.7,0.45,12,placed_12m,959274,0.5893833333333334,0.84,4,2
STU0836,Arts,3,4.93,2,0,1,0.35,0.45,12,placed_12m,280181,0.4817166666666666,0.6,0,2
STU0837,MBA,1,7.23,1,4,0,0.7,1.0,3,placed_3m,882635,0.6813833333333333,0.32000000000000006,4,0
STU0838,Data Science,3,4.91,0,3,1,0.85,0.45,6,placed_6m,929160,0.41935,0.84,1,1
STU0839,Data Science,2,6.85,3,2,1,0.85,0.7,12,placed_12m,1193580,0.77725,0.76,1,2
STU0840,Engineering,2,9.01,1,2,1,0.75,0.7,6,placed_6m,810377,0.6711833333333332,0.76,2,1
STU0841,Data Science,3,7.6,1,2,0,0.85,0.45,12,placed_12m,1051485,0.5868333333333333,0.16000000000000003,1,2
STU0842,Engineering,3,6.25,2,3,1,0.75,0.45,12,placed_12m,708674,0.6179166666666667,0.84,2,2
STU0843,Arts,3,7.17,0,2,1,0.35,0.45,12,placed_12m,262069,0.41345,0.76,0,2
STU0844,Engineering,2,7.22,2,3,1,0.75,0.7,6,placed_6m,698046,0.7018666666666666,0.84,2,1
STU0845,MBA,2,7.72,1,2,1,0.7,0.7,6,placed_6m,842950,0.6185333333333333,0.76,4,1
STU0846,Engineering,3,5.7,1,0,0,0.75,0.45,12,placed_12m,678676,0.48533333333333334,0.0,2,2
STU0847,Arts,2,7.85,0,0,1,0.35,0.7,24,delayed,308535,0.46724999999999994,0.6,0,3
STU0848,Data Science,2,4.23,0,1,1,0.85,0.7,12,placed_12m,939501,0.42555000000000004,0.6799999999999999,1,2
STU0849,Data Science,2,6.51,3,2,0,0.85,0.7,3,placed_3m,1126777,0.76535,0.16000000000000003,1,0
STU0850,Engineering,3,6.66,2,2,1,0.75,0.45,6,placed_6m,634996,0.6222666666666667,0.76,2,1
STU0851,Nursing,2,7.9,0,3,1,0.6,0.7,6,placed_6m,427643,0.5365,0.84,5,1
STU0852,Engineering,1,7.22,0,3,1,0.75,1.0,3,placed_3m,785100,0.5952,0.84,2,0
STU0853,Law,3,5.65,2,2,1,0.45,0.45,6,placed_6m,507411,0.5419166666666667,0.76,3,1
STU0854,Engineering,1,6.12,1,1,0,0.75,1.0,6,placed_6m,711988,0.6200333333333333,0.08000000000000002,2,1
STU0855,Engineering,2,7.42,1,2,1,0.75,0.7,6,placed_6m,671494,0.6155333333333333,0.76,2,1
STU0856,Engineering,2,7.11,1,3,1,0.75,0.7,12,placed_12m,677321,0.6146833333333332,0.84,2,2
STU0857,MBA,1,6.56,0,2,0,0.7,1.0,6,placed_6m,871466,0.5546,0.16000000000000003,4,1
STU0858,Data Science,1,6.67,2,3,0,0.85,1.0,3,placed_3m,1063207,0.7576166666666666,0.24,1,0
STU0859,Engineering,1,7.97,3,2,0,0.75,1.0,3,placed_3m,759122,0.86145,0.16000000000000003,2,0
STU0860,Nursing,3,6.63,0,4,1,0.6,0.45,12,placed_12m,406382,0.45205000000000006,0.92,5,2
STU0861,MBA,2,7.1,1,3,1,0.7,0.7,6,placed_6m,823806,0.6068333333333333,0.84,4,1
STU0862,Data Science,3,9.59,1,1,1,0.85,0.45,6,placed_6m,1057794,0.6464833333333333,0.6799999999999999,1,1
STU0863,MBA,2,5.63,1,4,1,0.7,0.7,12,placed_12m,753679,0.5653833333333333,0.92,4,2
STU0864,MBA,2,5.16,1,2,1,0.7,0.7,12,placed_12m,787687,0.5289333333333333,0.76,4,2
STU0865,Data Science,2,8.06,2,3,0,0.85,0.7,6,placed_6m,1190484,0.7462666666666666,0.24,1,1
STU0866,Engineering,2,6.45,1,4,1,0.75,0.7,6,placed_6m,752418,0.6015833333333334,0.92,2,1
STU0867,Engineering,3,6.85,1,1,1,0.75,0.45,12,placed_12m,619654,0.5355833333333333,0.6799999999999999,2,2
STU0868,Law,2,6.34,1,3,1,0.45,0.7,6,placed_6m,649947,0.5427333333333333,0.84,3,1
STU0869,Arts,2,6.91,0,4,1,0.35,0.7,12,placed_12m,288493,0.47435000000000005,0.92,0,2
STU0870,MBA,3,8.96,0,4,1,0.7,0.45,12,placed_12m,937202,0.5486000000000001,0.92,4,2
STU0871,Engineering,3,8.08,2,4,1,0.75,0.45,12,placed_12m,676828,0.6919666666666666,0.92,2,2
STU0872,Data Science,3,8.15,0,0,0,0.85,0.45,24,delayed,924973,0.50275,0.0,1,3
STU0873,MBA,2,5.64,2,2,1,0.7,0.7,12,placed_12m,790645,0.6290666666666667,0.76,4,2
STU0874,Engineering,3,5.93,1,3,0,0.75,0.45,24,delayed,609494,0.5233833333333333,0.24,2,3
STU0875,Engineering,2,4.08,1,3,0,0.75,0.7,3,placed_3m,640399,0.5086333333333333,0.24,2,0
STU0876,Nursing,2,6.31,1,3,1,0.6,0.7,12,placed_12m,443614,0.5641833333333333,0.84,5,2
STU0877,Data Science,2,8.25,1,4,0,0.85,0.7,6,placed_6m,1033139,0.6795833333333332,0.32000000000000006,1,1
STU0878,Engineering,2,7.77,0,2,0,0.75,0.7,3,placed_3m,655805,0.5444499999999999,0.16000000000000003,2,0
STU0879,Engineering,1,6.96,1,1,0,0.75,1.0,6,placed_6m,687191,0.6494333333333333,0.08000000000000002,2,1
STU0880,Engineering,2,7.18,2,3,1,0.75,0.7,6,placed_6m,716419,0.7004666666666666,0.84,2,1
STU0881,Data Science,3,6.44,2,2,1,0.85,0.45,12,placed_12m,978268,0.6295666666666667,0.76,1,2
STU0882,Engineering,2,7.43,1,2,1,0.75,0.7,3,placed_3m,667398,0.6158833333333333,0.76,2,0
STU0883,Engineering,1,8.04,1,0,0,0.75,1.0,6,placed_6m,776714,0.6772333333333334,0.0,2,1
STU0884,Nursing,1,5.42,0,3,1,0.6,1.0,24,delayed,475810,0.5097,0.84,5,3
STU0885,Engineering,3,7.53,0,4,1,0.75,0.45,12,placed_12m,630662,0.50605,0.92,2,2
STU0886,Data Science,2,8.23,0,2,0,0.85,0.7,12,placed_12m,1027442,0.57555,0.16000000000000003,1,2
STU0887,Engineering,2,6.74,3,2,1,0.75,0.7,6,placed_6m,755665,0.7584,0.76,2,1
STU0888,Engineering,3,7.97,0,1,1,0.75,0.45,6,placed_6m,648799,0.49145,0.6799999999999999,2,1
STU0889,Engineering,3,10.0,0,0,0,0.75,0.45,6,placed_6m,768610,0.5525,0.0,2,1
STU0890,Nursing,2,7.09,1,2,1,0.6,0.7,3,placed_3m,423267,0.5814833333333332,0.76,5,0
STU0891,Law,3,7.63,0,2,1,0.45,0.45,6,placed_6m,627850,0.44455000000000006,0.76,3,1
STU0892,Law,3,6.39,2,4,0,0.45,0.45,6,placed_6m,570577,0.5878166666666667,0.32000000000000006,3,1
STU0893,MBA,3,7.4,0,4,0,0.7,0.45,12,placed_12m,776525,0.494,0.32000000000000006,4,2
STU0894,Data Science,1,7.71,0,1,0,0.85,1.0,12,placed_12m,1046897,0.6073500000000001,0.08000000000000002,1,2
STU0895,Engineering,3,7.41,2,1,0,0.75,0.45,12,placed_12m,666767,0.6385166666666666,0.08000000000000002,2,2
STU0896,Engineering,2,6.08,1,1,1,0.75,0.7,6,placed_6m,734742,0.5586333333333333,0.6799999999999999,2,1
STU0897,Law,2,7.43,2,4,1,0.45,0.7,6,placed_6m,557008,0.6742166666666667,0.92,3,1
STU0898,Engineering,2,8.81,1,4,0,0.75,0.7,6,placed_6m,718691,0.6841833333333334,0.32000000000000006,2,1
STU0899,Engineering,1,7.69,1,0,1,0.75,1.0,3,placed_3m,730095,0.6649833333333333,0.6,2,0
STU0900,Engineering,1,8.26,2,3,0,0.75,1.0,3,placed_3m,793242,0.7982666666666667,0.24,2,0
STU0901,Engineering,3,6.94,0,3,0,0.75,0.45,24,delayed,609165,0.47540000000000004,0.24,2,3
STU0902,Engineering,1,8.02,1,0,0,0.75,1.0,3,placed_3m,695417,0.6765333333333332,0.0,2,0
STU0903,Data Science,2,7.51,1,3,1,0.85,0.7,12,placed_12m,1027536,0.6436833333333334,0.84,1,2
STU0904,MBA,2,6.15,1,4,1,0.7,0.7,3,placed_3m,837614,0.5835833333333333,0.92,4,0
STU0905,Law,1,7.55,2,3,0,0.45,1.0,3,placed_3m,618843,0.7284166666666666,0.24,3,0
STU0906,Law,3,6.11,2,4,0,0.45,0.45,6,placed_6m,577282,0.5780166666666666,0.32000000000000006,3,1
STU0907,MBA,2,6.5,3,0,1,0.7,0.7,12,placed_12m,947808,0.7224999999999999,0.6,4,2
STU0908,Engineering,2,7.41,2,1,1,0.75,0.7,6,placed_6m,724985,0.6885166666666667,0.6799999999999999,2,1
STU0909,MBA,2,7.53,1,0,0,0.7,0.7,3,placed_3m,908906,0.5918833333333333,0.0,4,0
STU0910,Data Science,2,5.89,0,3,0,0.85,0.7,24,delayed,775536,0.5036499999999999,0.24,1,3
STU0911,Engineering,1,8.36,1,4,1,0.75,1.0,6,placed_6m,753068,0.7284333333333333,0.92,2,1
STU0912,Data Science,3,7.83,1,3,1,0.85,0.45,3,placed_3m,1115036,0.6048833333333334,0.84,1,0
STU0913,MBA,3,6.42,1,3,0,0.7,0.45,24,delayed,758023,0.5330333333333334,0.24,4,3
STU0914,Data Science,2,5.51,3,1,1,0.85,0.7,6,placed_6m,984556,0.72035,0.6799999999999999,1,1
STU0915,MBA,3,7.04,1,3,1,0.7,0.45,24,delayed,943184,0.5547333333333334,0.84,4,3
STU0916,Engineering,3,6.71,1,1,1,0.75,0.45,3,placed_3m,748849,0.5306833333333334,0.6799999999999999,2,0
STU0917,Arts,3,7.32,1,4,1,0.35,0.45,6,placed_6m,326049,0.5220333333333333,0.92,0,1
STU0918,Nursing,2,6.8,2,4,1,0.6,0.7,3,placed_3m,486992,0.6746666666666666,0.92,5,0
STU0919,Engineering,2,4.99,2,1,1,0.75,0.7,12,placed_12m,541909,0.6038166666666667,0.6799999999999999,2,2
STU0920,Law,2,6.77,2,0,0,0.45,0.7,12,placed_12m,553651,0.6111166666666666,0.0,3,2
STU0921,MBA,3,6.86,1,4,0,0.7,0.45,3,placed_3m,804508,0.5584333333333334,0.32000000000000006,4,0
STU0922,Law,3,7.9,2,0,1,0.45,0.45,6,placed_6m,585069,0.6006666666666666,0.6,3,1
STU0923,Nursing,1,6.43,0,4,0,0.6,1.0,6,placed_6m,425563,0.55505,0.32000000000000006,5,1
STU0924,MBA,2,9.05,2,4,1,0.7,0.7,3,placed_3m,824056,0.7684166666666666,0.92,4,0
STU0925,Engineering,3,5.1,1,2,1,0.75,0.45,12,placed_12m,620445,0.48433333333333334,0.76,2,2
STU0926,Engineering,3,8.64,1,3,1,0.75,0.45,12,placed_12m,734363,0.6182333333333334,0.84,2,2
STU0927,Data Science,3,6.95,1,3,1,0.85,0.45,12,placed_12m,1101732,0.5740833333333334,0.84,1,2
STU0928,Data Science,3,8.15,2,0,0,0.85,0.45,6,placed_6m,1024541,0.6694166666666665,0.0,1,1
STU0929,Engineering,2,7.29,0,3,1,0.75,0.7,6,placed_6m,643365,0.53765,0.84,2,1
STU0930,Engineering,2,8.45,2,0,1,0.75,0.7,3,placed_3m,635216,0.7149166666666666,0.6,2,0
STU0931,Law,3,6.77,1,4,0,0.45,0.45,24,delayed,519271,0.5177833333333334,0.32000000000000006,3,3
STU0932,Arts,1,5.99,1,2,1,0.35,1.0,24,delayed,337399,0.5654833333333333,0.76,0,3
STU0933,Data Science,2,8.76,0,2,0,0.85,0.7,3,placed_3m,1055642,0.5941000000000001,0.16000000000000003,1,0
STU0934,Engineering,3,7.08,1,4,1,0.75,0.45,12,placed_12m,764140,0.5736333333333333,0.92,2,2
STU0935,Engineering,1,7.44,1,1,1,0.75,1.0,3,placed_3m,737244,0.6662333333333332,0.6799999999999999,2,0
STU0936,Engineering,3,8.56,1,1,0,0.75,0.45,3,placed_3m,724052,0.5954333333333334,0.08000000000000002,2,0
STU0937,Arts,2,6.06,2,3,1,0.35,0.7,6,placed_6m,290741,0.6012666666666666,0.84,0,1
STU0938,Engineering,3,7.86,1,0,1,0.75,0.45,3,placed_3m,709687,0.5609333333333333,0.6,2,0
STU0939,Data Science,1,6.55,3,2,0,0.85,1.0,3,placed_3m,1001664,0.8267499999999999,0.16000000000000003,1,0
STU0940,Engineering,2,7.05,1,3,0,0.75,0.7,6,placed_6m,731435,0.6125833333333333,0.24,2,1
STU0941,Data Science,2,7.28,2,4,1,0.85,0.7,6,placed_6m,1139486,0.7289666666666668,0.92,1,1
STU0942,Data Science,2,5.55,0,2,1,0.85,0.7,24,delayed,1013608,0.48174999999999996,0.76,1,3
STU0943,Law,3,6.34,1,0,1,0.45,0.45,6,placed_6m,498199,0.46273333333333333,0.6,3,1
STU0944,Engineering,3,8.69,1,0,1,0.75,0.45,12,placed_12m,717292,0.5899833333333333,0.6,2,2
STU0945,Engineering,1,8.17,1,1,1,0.75,1.0,6,placed_6m,794807,0.6917833333333334,0.6799999999999999,2,1
STU0946,Engineering,2,7.13,2,3,1,0.75,0.7,6,placed_6m,741662,0.6987166666666667,0.84,2,1
STU0947,Arts,2,7.47,0,4,1,0.35,0.7,6,placed_6m,302861,0.49395,0.92,0,1
STU0948,Law,2,6.88,0,2,1,0.45,0.7,12,placed_12m,458729,0.46829999999999994,0.76,3,2
STU0949,Data Science,3,8.69,2,0,0,0.85,0.45,12,placed_12m,1119632,0.6883166666666667,0.0,1,2
STU0950,Data Science,3,6.98,0,2,0,0.85,0.45,12,placed_12m,946602,0.48180000000000006,0.16000000000000003,1,2
STU0951,Data Science,3,7.46,2,4,1,0.85,0.45,6,placed_6m,1009425,0.6852666666666667,0.92,1,1
STU0952,Engineering,3,8.46,1,2,0,0.75,0.45,6,placed_6m,746988,0.6019333333333334,0.16000000000000003,2,1
STU0953,Arts,2,6.34,2,3,1,0.35,0.7,12,placed_12m,320688,0.6110666666666666,0.84,0,2
STU0954,MBA,3,8.91,0,1,1,0.7,0.45,6,placed_6m,800773,0.51685,0.6799999999999999,4,1
STU0955,MBA,3,5.52,0,2,0,0.7,0.45,24,delayed,608481,0.40819999999999995,0.16000000000000003,4,3
STU0956,Data Science,3,8.99,1,1,1,0.85,0.45,6,placed_6m,1008131,0.6254833333333334,0.6799999999999999,1,1
STU0957,Engineering,3,6.79,3,4,1,0.75,0.45,6,placed_6m,815066,0.7301500000000001,0.92,2,1
STU0958,Engineering,2,6.93,1,1,1,0.75,0.7,12,placed_12m,721684,0.5883833333333333,0.6799999999999999,2,2
STU0959,Nursing,3,5.12,1,2,0,0.6,0.45,12,placed_12m,387399,0.46253333333333335,0.16000000000000003,5,2
STU0960,Engineering,1,6.7,2,2,0,0.75,1.0,3,placed_3m,738522,0.7336666666666667,0.16000000000000003,2,0
STU0961,Data Science,2,6.06,3,0,1,0.85,0.7,3,placed_3m,1050092,0.7296,0.6,1,0
STU0962,Engineering,2,6.53,2,2,1,0.75,0.7,12,placed_12m,750973,0.6677166666666667,0.76,2,2
STU0963,MBA,3,7.05,3,1,0,0.7,0.45,3,placed_3m,860212,0.70175,0.08000000000000002,4,0
STU0964,Engineering,3,8.25,0,0,0,0.75,0.45,6,placed_6m,711799,0.49124999999999996,0.0,2,1
STU0965,MBA,3,7.43,0,2,1,0.7,0.45,3,placed_3m,807970,0.47505000000000003,0.76,4,0
STU0966,Nursing,3,7.54,2,2,1,0.6,0.45,6,placed_6m,503994,0.6305666666666666,0.76,5,1
STU0967,Engineering,2,5.99,2,4,1,0.75,0.7,3,placed_3m,725727,0.6688166666666666,0.92,2,0
STU0968,Data Science,3,6.23,1,0,1,0.85,0.45,12,placed_12m,1043582,0.5188833333333334,0.6,1,2
STU0969,MBA,2,9.18,0,4,1,0.7,0.7,6,placed_6m,892257,0.6063,0.92,4,1
STU0970,Data Science,2,6.39,2,4,0,0.85,0.7,3,placed_3m,1129168,0.6978166666666668,0.32000000000000006,1,0
STU0971,Arts,1,9.02,0,4,1,0.35,1.0,24,delayed,343303,0.6082,0.92,0,3
STU0972,Nursing,3,6.93,1,3,0,0.6,0.45,12,placed_12m,419431,0.5358833333333334,0.24,5,2
STU0973,Engineering,3,7.2,1,4,1,0.75,0.45,12,placed_12m,743557,0.5778333333333334,0.92,2,2
STU0974,Engineering,2,8.38,1,1,1,0.75,0.7,3,placed_3m,691518,0.6391333333333333,0.6799999999999999,2,0
STU0975,Engineering,1,8.6,2,2,0,0.75,1.0,6,placed_6m,810228,0.8001666666666667,0.16000000000000003,2,1
STU0976,Data Science,3,7.08,1,3,1,0.85,0.45,6,placed_6m,1034801,0.5786333333333333,0.84,1,1
STU0977,Engineering,1,6.77,2,4,1,0.75,1.0,3,placed_3m,774398,0.7561166666666668,0.92,2,0
STU0978,MBA,3,7.14,1,2,0,0.7,0.45,12,placed_12m,801896,0.5482333333333334,0.16000000000000003,4,2
STU0979,Data Science,3,7.57,1,0,1,0.85,0.45,12,placed_12m,1164439,0.5657833333333333,0.6,1,2
STU0980,MBA,2,8.18,2,0,0,0.7,0.7,6,placed_6m,862195,0.6979666666666666,0.0,4,1
STU0981,Nursing,2,7.2,1,2,1,0.6,0.7,6,placed_6m,489355,0.5853333333333333,0.76,5,1
STU0982,Engineering,3,7.88,0,1,1,0.75,0.45,12,placed_12m,723746,0.4883,0.6799999999999999,2,2
STU0983,Engineering,3,9.0,0,2,0,0.75,0.45,3,placed_3m,801558,0.5375000000000001,0.16000000000000003,2,0
STU0984,Nursing,2,7.62,0,2,1,0.6,0.7,12,placed_12m,387187,0.5166999999999999,0.76,5,2
STU0985,MBA,3,7.54,1,3,0,0.7,0.45,3,placed_3m,806038,0.5722333333333334,0.24,4,0
STU0986,Data Science,1,5.53,2,0,1,0.85,1.0,3,placed_3m,1175608,0.6877166666666665,0.6,1,0
STU0987,MBA,2,4.31,2,0,1,0.7,0.7,3,placed_3m,686672,0.5625166666666666,0.6,4,0
STU0988,Engineering,3,7.63,2,4,0,0.75,0.45,12,placed_12m,620706,0.6762166666666667,0.32000000000000006,2,2
STU0989,Law,3,7.1,1,2,0,0.45,0.45,24,delayed,519526,0.5093333333333333,0.16000000000000003,3,3
STU0990,Nursing,1,6.63,1,2,1,0.6,1.0,6,placed_6m,462794,0.6253833333333333,0.76,5,1
STU0991,Data Science,3,7.47,1,1,1,0.85,0.45,6,placed_6m,1135444,0.5722833333333333,0.6799999999999999,1,1
STU0992,Engineering,2,7.13,0,0,0,0.75,0.7,12,placed_12m,664113,0.5020499999999999,0.0,2,2
STU0993,Data Science,2,8.44,0,1,1,0.85,0.7,6,placed_6m,1035781,0.5729,0.6799999999999999,1,1
STU0994,MBA,1,7.29,1,3,0,0.7,1.0,6,placed_6m,945360,0.6734833333333333,0.24,4,1
STU0995,Engineering,3,6.38,3,4,0,0.75,0.45,6,placed_6m,710392,0.7158,0.32000000000000006,2,1
STU0996,Arts,1,8.29,0,1,1,0.35,1.0,6,placed_6m,360432,0.55265,0.6799999999999999,0,1
STU0997,Engineering,2,6.96,0,0,0,0.75,0.7,12,placed_12m,659291,0.49609999999999993,0.0,2,2
STU0998,Arts,2,7.78,2,3,1,0.35,0.7,6,placed_6m,301481,0.6614666666666666,0.84,0,1
STU0999,MBA,3,6.67,1,2,1,0.7,0.45,12,placed_12m,756499,0.5317833333333334,0.76,4,2
STU1000,Engineering,3,6.49,2,3,1,0.75,0.45,6,placed_6m,739228,0.6263166666666666,0.84,2,1
STU1001,Data Science,3,7.29,2,1,1,0.85,0.45,12,placed_12m,1045135,0.6493166666666665,0.6799999999999999,1,2
STU1002,Law,2,7.21,3,0,1,0.45,0.7,3,placed_3m,609326,0.70985,0.6,3,0
STU1003,Nursing,2,7.73,1,1,1,0.6,0.7,6,placed_6m,488937,0.5938833333333333,0.6799999999999999,5,1
STU1004,Law,2,6.9,2,2,1,0.45,0.7,12,placed_12m,543240,0.6356666666666667,0.76,3,2
STU1005,Data Science,3,5.18,1,2,1,0.85,0.45,24,delayed,867875,0.5021333333333333,0.76,1,3
STU1006,Data Science,3,6.72,2,0,1,0.85,0.45,3,placed_3m,1032871,0.6193666666666666,0.6,1,0
STU1007,Law,1,8.07,1,4,0,0.45,1.0,6,placed_6m,619591,0.6732833333333333,0.32000000000000006,3,1
STU1008,Engineering,3,6.87,0,3,1,0.75,0.45,6,placed_6m,647523,0.47295,0.84,2,1
STU1009,MBA,1,6.93,1,3,1,0.7,1.0,6,placed_6m,901700,0.6608833333333333,0.84,4,1
STU1010,Engineering,2,8.29,1,2,1,0.75,0.7,12,placed_12m,660381,0.6459833333333334,0.76,2,2
STU1011,Arts,2,6.42,2,1,1,0.35,0.7,24,delayed,319767,0.5938666666666667,0.6799999999999999,0,3
STU1012,Arts,2,5.5,2,1,1,0.35,0.7,24,delayed,273152,0.5616666666666666,0.6799999999999999,0,3
STU1013,Engineering,2,7.02,2,4,1,0.75,0.7,3,placed_3m,728898,0.7048666666666668,0.92,2,0
STU1014,Nursing,2,6.67,0,1,0,0.6,0.7,24,delayed,449654,0.4734499999999999,0.08000000000000002,5,3
STU1015,Arts,2,6.14,2,3,1,0.35,0.7,24,delayed,305491,0.6040666666666666,0.84,0,3
STU1016,Engineering,3,7.01,1,1,0,0.75,0.45,3,placed_3m,614231,0.5411833333333333,0.08000000000000002,2,0
STU1017,Data Science,2,7.74,3,4,1,0.85,0.7,3,placed_3m,1134561,0.8284,0.92,1,0
STU1018,Arts,1,7.19,3,3,1,0.35,1.0,6,placed_6m,344520,0.7841500000000001,0.84,0,1
STU1019,Engineering,3,7.54,0,1,0,0.75,0.45,6,placed_6m,691166,0.4764,0.08000000000000002,2,1
STU1020,Data Science,2,9.19,2,3,0,0.85,0.7,3,placed_3m,1168483,0.7858166666666666,0.24,1,0
STU1021,Engineering,2,6.82,0,2,1,0.75,0.7,6,placed_6m,753253,0.5112,0.76,2,1
STU1022,Arts,3,7.51,1,2,0,0.35,0.45,24,delayed,333670,0.5086833333333333,0.16000000000000003,0,3
STU1023,Arts,2,6.64,1,2,0,0.35,0.7,12,placed_12m,313062,0.5282333333333333,0.16000000000000003,0,2
STU1024,Arts,1,6.27,0,1,1,0.35,1.0,12,placed_12m,334795,0.48195,0.6799999999999999,0,2
STU1025,MBA,2,6.56,2,4,0,0.7,0.7,6,placed_6m,855403,0.6812666666666666,0.32000000000000006,4,1
STU1026,Law,3,6.67,0,3,1,0.45,0.45,24,delayed,513192,0.42095000000000005,0.84,3,3
STU1027,Law,2,7.6,0,0,1,0.45,0.7,12,placed_12m,557928,0.4734999999999999,0.6,3,2
STU1028,MBA,3,9.78,1,2,0,0.7,0.45,3,placed_3m,988199,0.6406333333333333,0.16000000000000003,4,0
STU1029,Law,2,6.41,2,2,0,0.45,0.7,6,placed_6m,639711,0.6185166666666667,0.16000000000000003,3,1
STU1030,Engineering,1,6.74,3,0,1,0.75,1.0,3,placed_3m,806836,0.7984,0.6,2,0
STU1031,Data Science,2,7.13,2,0,1,0.85,0.7,3,placed_3m,1152629,0.6837166666666665,0.6,1,0
STU1032,Engineering,3,7.64,2,1,1,0.75,0.45,6,placed_6m,749866,0.6465666666666665,0.6799999999999999,2,1
STU1033,Engineering,1,7.49,1,3,1,0.75,1.0,3,placed_3m,777407,0.6879833333333334,0.84,2,0
STU1034,Engineering,2,8.61,0,2,1,0.75,0.7,12,placed_12m,662689,0.57385,0.76,2,2
STU1035,Data Science,2,4.53,0,4,0,0.85,0.7,12,placed_12m,1014863,0.46604999999999996,0.32000000000000006,1,2
STU1036,MBA,2,4.57,1,1,0,0.7,0.7,6,placed_6m,887928,0.4982833333333333,0.08000000000000002,4,1
STU1037,Nursing,3,6.65,2,1,0,0.6,0.45,6,placed_6m,421109,0.5894166666666667,0.08000000000000002,5,1
STU1038,Engineering,1,8.41,1,4,0,0.75,1.0,12,placed_12m,749417,0.7301833333333334,0.32000000000000006,2,2
STU1039,MBA,2,5.48,2,4,1,0.7,0.7,12,placed_12m,865911,0.6434666666666666,0.92,4,2
STU1040,Data Science,1,4.0,1,4,1,0.85,1.0,6,placed_6m,1003408,0.5908333333333333,0.92,1,1
STU1041,Nursing,3,7.83,0,0,0,0.6,0.45,12,placed_12m,414298,0.45405000000000006,0.0,5,2
STU1042,MBA,1,7.47,0,2,1,0.7,1.0,6,placed_6m,833174,0.58645,0.76,4,1
STU1043,Data Science,2,6.0,2,0,0,0.85,0.7,3,placed_3m,1057420,0.6441666666666666,0.0,1,0
STU1044,Law,3,6.12,2,2,1,0.45,0.45,6,placed_6m,572038,0.5583666666666667,0.76,3,1
STU1045,Data Science,3,6.13,3,0,1,0.85,0.45,3,placed_3m,1078631,0.68205,0.6,1,0
STU1046,Engineering,2,7.32,0,3,1,0.75,0.7,6,placed_6m,702913,0.5387,0.84,2,1
STU1047,Engineering,2,6.51,3,2,1,0.75,0.7,6,placed_6m,708818,0.7503500000000001,0.76,2,1
STU1048,Law,2,7.74,0,1,0,0.45,0.7,6,placed_6m,622096,0.48839999999999995,0.08000000000000002,3,1
STU1049,Engineering,2,4.06,0,2,1,0.75,0.7,12,placed_12m,583958,0.41459999999999997,0.76,2,2
STU1050,Law,2,6.26,3,2,1,0.45,0.7,3,placed_3m,579714,0.6966,0.76,3,0
STU1051,Data Science,2,5.96,1,2,1,0.85,0.7,6,placed_6m,985003,0.5794333333333332,0.76,1,1
STU1052,Arts,2,6.92,2,3,1,0.35,0.7,6,placed_6m,294109,0.6313666666666666,0.84,0,1
STU1053,Nursing,2,6.61,0,0,1,0.6,0.7,12,placed_12m,410714,0.4613499999999999,0.6,5,2
STU1054,Arts,3,8.08,1,1,1,0.35,0.45,24,delayed,331041,0.5186333333333334,0.6799999999999999,0,3
STU1055,MBA,3,5.15,3,0,1,0.7,0.45,3,placed_3m,839001,0.62525,0.6,4,0
STU1056,Nursing,2,7.25,1,0,0,0.6,0.7,24,delayed,477845,0.5670833333333333,0.0,5,3
STU1057,MBA,1,7.81,2,4,1,0.7,1.0,6,placed_6m,955377,0.7850166666666667,0.92,4,1
STU1058,MBA,1,9.24,0,3,1,0.7,1.0,6,placed_6m,1003950,0.6584000000000001,0.84,4,1
STU1059,Data Science,3,6.67,2,4,1,0.85,0.45,12,placed_12m,1060729,0.6576166666666667,0.92,1,2
STU1060,Law,2,7.56,1,3,0,0.45,0.7,3,placed_3m,691178,0.5854333333333334,0.24,3,0
STU1061,Arts,1,5.22,0,0,1,0.35,1.0,12,placed_12m,307263,0.43520000000000003,0.6,0,2
STU1062,Nursing,2,4.57,1,0,0,0.6,0.7,12,placed_12m,358431,0.4732833333333333,0.0,5,2
STU1063,MBA,2,8.13,0,3,1,0.7,0.7,6,placed_6m,938847,0.55955,0.84,4,1
STU1064,MBA,2,7.19,3,0,1,0.7,0.7,3,placed_3m,1044526,0.74665,0.6,4,0
STU1065,Nursing,2,8.5,1,0,1,0.6,0.7,12,placed_12m,454992,0.6108333333333332,0.6,5,2
STU1066,Engineering,1,5.69,0,1,1,0.75,1.0,6,placed_6m,713549,0.52165,0.6799999999999999,2,1
STU1067,Engineering,3,7.77,1,4,0,0.75,0.45,12,placed_12m,741135,0.5977833333333333,0.32000000000000006,2,2
STU1068,MBA,2,9.26,1,4,0,0.7,0.7,12,placed_12m,1006862,0.6924333333333332,0.32000000000000006,4,2
STU1069,Engineering,3,7.66,2,4,1,0.75,0.45,12,placed_12m,704877,0.6772666666666667,0.92,2,2
STU1070,Engineering,3,7.5,3,2,0,0.75,0.45,6,placed_6m,688100,0.7349999999999999,0.16000000000000003,2,1
STU1071,Engineering,2,7.21,1,1,1,0.75,0.7,12,placed_12m,691380,0.5981833333333333,0.6799999999999999,2,2
STU1072,Engineering,2,5.47,2,4,0,0.75,0.7,3,placed_3m,696423,0.6506166666666666,0.32000000000000006,2,0
STU1073,Engineering,2,8.69,1,4,1,0.75,0.7,12,placed_12m,783328,0.6799833333333334,0.92,2,2
STU1074,Arts,2,6.53,0,1,1,0.35,0.7,24,delayed,306073,0.43105,0.6799999999999999,0,3
STU1075,MBA,3,7.75,2,0,0,0.7,0.45,12,placed_12m,854265,0.6329166666666666,0.0,4,2
STU1076,MBA,3,5.48,1,4,0,0.7,0.45,12,placed_12m,800097,0.5101333333333333,0.32000000000000006,4,2
STU1077,Data Science,1,5.9,2,0,1,0.85,1.0,3,placed_3m,1146917,0.7006666666666665,0.6,1,0
STU1078,Engineering,1,8.78,3,4,1,0.75,1.0,3,placed_3m,847829,0.9097999999999999,0.92,2,0
STU1079,Arts,3,6.82,1,3,1,0.35,0.45,12,placed_12m,286254,0.4945333333333334,0.84,0,2
STU1080,Nursing,3,8.8,3,2,1,0.6,0.45,6,placed_6m,476108,0.758,0.76,5,1
STU1081,Engineering,3,7.11,2,4,1,0.75,0.45,6,placed_6m,735413,0.6580166666666667,0.92,2,1
STU1082,MBA,2,5.17,1,3,0,0.7,0.7,24,delayed,691040,0.5392833333333333,0.24,4,3
STU1083,Law,2,8.18,2,1,1,0.45,0.7,3,placed_3m,546013,0.6704666666666667,0.6799999999999999,3,0
STU1084,Arts,3,6.55,1,3,0,0.35,0.45,12,placed_12m,335030,0.4850833333333333,0.24,0,2
STU1085,MBA,3,7.97,3,1,0,0.7,0.45,3,placed_3m,954818,0.73395,0.08000000000000002,4,0
STU1086,Data Science,2,7.23,2,4,1,0.85,0.7,3,placed_3m,1134307,0.7272166666666666,0.92,1,0
STU1087,Engineering,1,5.5,0,1,0,0.75,1.0,24,delayed,593389,0.515,0.08000000000000002,2,3
STU1088,Arts,2,7.38,1,3,0,0.35,0.7,6,placed_6m,346884,0.5641333333333333,0.24,0,1
STU1089,Engineering,2,9.62,2,2,0,0.75,0.7,6,placed_6m,808187,0.7758666666666667,0.16000000000000003,2,1
STU1090,Arts,2,7.74,0,0,1,0.35,0.7,12,placed_12m,287103,0.4633999999999999,0.6,0,2
STU1091,Data Science,3,7.14,0,0,1,0.85,0.45,12,placed_12m,1067201,0.4674,0.6,1,2
STU1092,Data Science,2,8.38,1,2,1,0.85,0.7,3,placed_3m,1124029,0.6641333333333332,0.76,1,0
STU1093,Data Science,3,7.43,1,0,1,0.85,0.45,12,placed_12m,979410,0.5608833333333334,0.6,1,2
STU1094,Engineering,1,7.43,1,4,1,0.75,1.0,6,placed_6m,727271,0.6958833333333334,0.92,2,1
STU1095,Engineering,3,6.0,1,4,0,0.75,0.45,12,placed_12m,532245,0.5358333333333334,0.32000000000000006,2,2
STU1096,Engineering,3,7.46,0,3,1,0.75,0.45,6,placed_6m,688697,0.49360000000000004,0.84,2,1
STU1097,Engineering,1,8.34,2,3,0,0.75,1.0,3,placed_3m,808988,0.8010666666666668,0.24,2,0
STU1098,Nursing,1,6.28,1,1,0,0.6,1.0,6,placed_6m,444342,0.6031333333333333,0.08000000000000002,5,1
STU1099,MBA,2,8.77,0,3,0,0.7,0.7,24,delayed,960469,0.58195,0.24,4,3
STU1100,Engineering,1,7.1,1,4,1,0.75,1.0,6,placed_6m,669048,0.6843333333333335,0.92,2,1
STU1101,Arts,3,6.22,1,3,0,0.35,0.45,6,placed_6m,286793,0.47353333333333336,0.24,0,1
STU1102,Law,3,8.3,0,0,0,0.45,0.45,12,placed_12m,530934,0.448,0.0,3,2
STU1103,Arts,2,6.88,0,1,0,0.35,0.7,24,delayed,297338,0.4432999999999999,0.08000000000000002,0,3
STU1104,Arts,2,8.04,0,1,0,0.35,0.7,24,delayed,321207,0.4839,0.08000000000000002,0,3
STU1105,Engineering,2,6.88,2,4,1,0.75,0.7,3,placed_3m,737262,0.6999666666666666,0.92,2,0
STU1106,MBA,3,7.13,2,3,1,0.7,0.45,3,placed_3m,847026,0.6412166666666667,0.84,4,0
STU1107,Nursing,1,7.74,2,0,1,0.6,1.0,3,placed_3m,466402,0.7275666666666666,0.6,5,0
STU1108,Data Science,2,7.52,2,3,0,0.85,0.7,6,placed_6m,1219541,0.7273666666666667,0.24,1,1
STU1109,Engineering,2,5.0,2,2,0,0.75,0.7,6,placed_6m,772406,0.6141666666666667,0.16000000000000003,2,1
STU1110,Law,2,5.97,1,3,1,0.45,0.7,12,placed_12m,554063,0.5297833333333333,0.84,3,2
STU1111,Engineering,2,8.22,2,4,0,0.75,0.7,3,placed_3m,720595,0.7468666666666668,0.32000000000000006,2,0
STU1112,Engineering,3,7.05,0,3,1,0.75,0.45,12,placed_12m,711461,0.47924999999999995,0.84,2,2
STU1113,Data Science,1,6.62,2,1,0,0.85,1.0,3,placed_3m,1013283,0.7358666666666667,0.08000000000000002,1,0
STU1114,Data Science,1,5.71,2,0,1,0.85,1.0,6,placed_6m,1046396,0.6940166666666665,0.6,1,1
STU1115,Data Science,3,6.01,1,4,0,0.85,0.45,12,placed_12m,893932,0.5511833333333334,0.32000000000000006,1,2
STU1116,Engineering,3,4.98,1,2,1,0.75,0.45,24,delayed,527622,0.48013333333333336,0.76,2,3
STU1117,Law,1,7.09,1,0,1,0.45,1.0,12,placed_12m,595180,0.5989833333333333,0.6,3,2
STU1118,Engineering,2,6.54,2,0,1,0.75,0.7,6,placed_6m,661271,0.6480666666666666,0.6,2,1
STU1119,Engineering,2,6.14,2,1,0,0.75,0.7,3,placed_3m,694960,0.6440666666666666,0.08000000000000002,2,0
STU1120,Law,2,7.13,2,1,1,0.45,0.7,12,placed_12m,595047,0.6337166666666666,0.6799999999999999,3,2
STU1121,Arts,2,7.6,1,1,1,0.35,0.7,24,delayed,309020,0.5518333333333333,0.6799999999999999,0,3
STU1122,Law,1,9.5,2,4,0,0.45,1.0,6,placed_6m,674825,0.8066666666666668,0.32000000000000006,3,1
STU1123,Law,2,5.54,1,3,0,0.45,0.7,12,placed_12m,528355,0.5147333333333334,0.24,3,2
STU1124,Data Science,3,8.48,3,0,1,0.85,0.45,3,placed_3m,1190073,0.7643,0.6,1,0
STU1125,Data Science,2,8.27,1,3,0,0.85,0.7,3,placed_3m,1096856,0.6702833333333333,0.24,1,0
STU1126,Engineering,3,6.34,1,3,1,0.75,0.45,24,delayed,663875,0.5377333333333334,0.84,2,3
STU1127,MBA,1,7.42,1,1,0,0.7,1.0,3,placed_3m,971344,0.6580333333333332,0.08000000000000002,4,0
STU1128,MBA,3,6.7,2,3,1,0.7,0.45,3,placed_3m,885726,0.6261666666666668,0.84,4,0
STU1129,Engineering,3,7.4,3,0,0,0.75,0.45,3,placed_3m,788994,0.7115,0.0,2,0
STU1130,Nursing,3,8.86,0,0,1,0.6,0.45,3,placed_3m,413136,0.4901,0.6,5,0
STU1131,MBA,3,7.87,0,2,0,0.7,0.45,24,delayed,784090,0.49045,0.16000000000000003,4,3
STU1132,Engineering,3,7.76,3,4,0,0.75,0.45,6,placed_6m,813922,0.7641,0.32000000000000006,2,1
STU1133,Engineering,2,6.73,1,3,0,0.75,0.7,6,placed_6m,675948,0.6013833333333334,0.24,2,1
STU1134,Data Science,2,5.57,2,4,1,0.85,0.7,3,placed_3m,813225,0.6691166666666668,0.92,1,0
STU1135,Engineering,2,6.97,1,4,0,0.75,0.7,6,placed_6m,685878,0.6197833333333334,0.32000000000000006,2,1
STU1136,Law,3,8.53,0,4,1,0.45,0.45,3,placed_3m,585454,0.49605,0.92,3,0
STU1137,MBA,3,5.52,2,4,0,0.7,0.45,6,placed_6m,645602,0.5948666666666667,0.32000000000000006,4,1
STU1138,MBA,2,6.04,2,0,0,0.7,0.7,6,placed_6m,939638,0.6230666666666667,0.0,4,1
STU1139,Data Science,1,7.34,1,3,1,0.85,1.0,6,placed_6m,1062612,0.6977333333333333,0.84,1,1
STU1140,Law,2,6.12,1,2,1,0.45,0.7,12,placed_12m,565231,0.5250333333333334,0.76,3,2
STU1141,MBA,3,6.33,2,4,1,0.7,0.45,24,delayed,791249,0.6232166666666668,0.92,4,3
STU1142,Data Science,2,6.73,0,2,1,0.85,0.7,12,placed_12m,898770,0.52305,0.76,1,2
STU1143,Data Science,2,5.7,3,0,1,0.85,0.7,12,placed_12m,957825,0.7170000000000001,0.6,1,2
STU1144,Engineering,2,6.13,1,0,1,0.75,0.7,6,placed_6m,625470,0.5503833333333332,0.6,2,1
STU1145,Law,2,7.97,1,1,1,0.45,0.7,12,placed_12m,641937,0.5797833333333333,0.6799999999999999,3,2
STU1146,Nursing,3,5.76,3,4,0,0.6,0.45,3,placed_3m,421815,0.6716,0.32000000000000006,5,0
STU1147,Data Science,3,5.44,2,1,1,0.85,0.45,12,placed_12m,910831,0.5845666666666667,0.6799999999999999,1,2
STU1148,Law,3,6.51,1,2,1,0.45,0.45,24,delayed,486956,0.48868333333333336,0.76,3,3
STU1149,Law,2,8.01,2,3,1,0.45,0.7,6,placed_6m,670058,0.6845166666666667,0.84,3,1
STU1150,Nursing,2,6.98,1,1,0,0.6,0.7,6,placed_6m,485312,0.5676333333333333,0.08000000000000002,5,1
STU1151,Law,2,6.69,1,0,0,0.45,0.7,6,placed_6m,620030,0.5249833333333334,0.0,3,1
STU1152,Data Science,3,7.25,3,4,1,0.85,0.45,6,placed_6m,1106401,0.76125,0.92,1,1
STU1153,Data Science,2,5.28,2,2,0,0.85,0.7,12,placed_12m,1006955,0.6389666666666667,0.16000000000000003,1,2
STU1154,Data Science,2,7.74,2,0,1,0.85,0.7,6,placed_6m,1020690,0.7050666666666667,0.6,1,1
STU1155,Nursing,2,7.62,1,3,0,0.6,0.7,12,placed_12m,440707,0.6100333333333333,0.24,5,2
STU1156,Engineering,3,6.75,0,4,1,0.75,0.45,12,placed_12m,598667,0.47875,0.92,2,2
STU1157,Law,1,8.31,0,3,0,0.45,1.0,12,placed_12m,547142,0.58835,0.24,3,2
STU1158,Law,3,5.96,1,3,1,0.45,0.45,12,placed_12m,565442,0.4794333333333334,0.84,3,2
STU1159,Engineering,2,8.44,2,4,0,0.75,0.7,3,placed_3m,730071,0.7545666666666666,0.32000000000000006,2,0
STU1160,Law,2,7.37,1,4,1,0.45,0.7,6,placed_6m,637502,0.5887833333333333,0.92,3,1
STU1161,Engineering,1,6.83,2,3,1,0.75,1.0,3,placed_3m,793467,0.7482166666666668,0.84,2,0
STU1162,MBA,2,7.18,0,2,0,0.7,0.7,12,placed_12m,876333,0.5163,0.16000000000000003,4,2
STU1163,Nursing,2,7.08,1,4,1,0.6,0.7,6,placed_6m,461306,0.6011333333333333,0.92,5,1
STU1164,Engineering,1,8.54,0,0,0,0.75,1.0,3,placed_3m,732984,0.6113999999999999,0.0,2,0
STU1165,Law,2,6.02,1,1,0,0.45,0.7,24,delayed,611371,0.5115333333333333,0.08000000000000002,3,3
STU1166,Law,3,6.36,0,2,1,0.45,0.45,24,delayed,505755,0.4001,0.76,3,3
STU1167,Data Science,1,8.34,3,4,1,0.85,1.0,6,placed_6m,1240786,0.9094,0.92,1,1
STU1168,Engineering,3,6.54,0,4,0,0.75,0.45,12,placed_12m,594191,0.47140000000000004,0.32000000000000006,2,2
STU1169,Engineering,2,8.19,3,2,0,0.75,0.7,6,placed_6m,727521,0.80915,0.16000000000000003,2,1
STU1170,Data Science,3,9.07,1,1,0,0.85,0.45,6,placed_6m,1127237,0.6282833333333333,0.08000000000000002,1,1
STU1171,Arts,2,6.76,3,3,1,0.35,0.7,6,placed_6m,345184,0.7091,0.84,0,1
STU1172,Data Science,1,7.95,1,0,0,0.85,1.0,6,placed_6m,1084644,0.6890833333333333,0.0,1,1
STU1173,Engineering,1,5.93,3,4,1,0.75,1.0,12,placed_12m,663883,0.8100500000000002,0.92,2,2
STU1174,Data Science,1,8.03,0,1,1,0.85,1.0,24,delayed,989924,0.6185499999999999,0.6799999999999999,1,3
STU1175,Data Science,1,7.42,2,0,0,0.85,1.0,3,placed_3m,1239368,0.7538666666666667,0.0,1,0
STU1176,Nursing,3,7.72,3,2,0,0.6,0.45,6,placed_6m,442493,0.7202,0.16000000000000003,5,1
STU1177,Engineering,3,6.49,0,4,1,0.75,0.45,24,delayed,592428,0.46965,0.92,2,3
STU1178,Nursing,3,5.37,0,3,0,0.6,0.45,6,placed_6m,422623,0.39795,0.24,5,1
STU1179,Data Science,3,7.75,1,2,0,0.85,0.45,12,placed_12m,941616,0.5920833333333333,0.16000000000000003,1,2
STU1180,Arts,1,4.93,3,4,0,0.35,1.0,3,placed_3m,316988,0.71505,0.32000000000000006,0,0
STU1181,MBA,2,6.85,1,1,1,0.7,0.7,12,placed_12m,809533,0.5780833333333333,0.6799999999999999,4,2
STU1182,Data Science,2,8.24,1,0,1,0.85,0.7,3,placed_3m,1222464,0.6392333333333333,0.6,1,0
STU1183,Arts,2,7.41,0,0,0,0.35,0.7,6,placed_6m,366107,0.45185,0.0,0,1
STU1184,Engineering,2,9.34,0,4,0,0.75,0.7,6,placed_6m,782870,0.6194,0.32000000000000006,2,1
STU1185,Arts,2,8.33,2,2,1,0.35,0.7,6,placed_6m,370501,0.6707166666666666,0.76,0,1
STU1186,Data Science,2,6.48,0,3,1,0.85,0.7,3,placed_3m,955221,0.5243,0.84,1,0
STU1187,Engineering,2,7.23,2,1,1,0.75,0.7,6,placed_6m,816873,0.6822166666666667,0.6799999999999999,2,1
STU1188,MBA,3,7.15,3,4,1,0.7,0.45,6,placed_6m,904732,0.7352500000000001,0.92,4,1
STU1189,Nursing,3,5.46,0,1,1,0.6,0.45,12,placed_12m,401367,0.3811,0.6799999999999999,5,2
STU1190,Engineering,2,6.17,2,0,1,0.75,0.7,6,placed_6m,686401,0.6351166666666666,0.6,2,1
STU1191,Data Science,3,6.58,0,3,0,0.85,0.45,6,placed_6m,931693,0.4778,0.24,1,1
STU1192,MBA,3,4.96,2,1,0,0.7,0.45,6,placed_6m,881413,0.5452666666666667,0.08000000000000002,4,1
STU1193,Data Science,2,7.25,0,4,1,0.85,0.7,12,placed_12m,1053711,0.56125,0.92,1,2
STU1194,Engineering,2,6.93,2,3,1,0.75,0.7,3,placed_3m,787696,0.6917166666666665,0.84,2,0
STU1195,Law,2,5.36,1,2,1,0.45,0.7,12,placed_12m,543375,0.4984333333333333,0.76,3,2
STU1196,Arts,3,7.64,1,4,0,0.35,0.45,6,placed_6m,301054,0.5332333333333333,0.32000000000000006,0,1
STU1197,Arts,3,7.99,1,1,1,0.35,0.45,12,placed_12m,308290,0.5154833333333334,0.6799999999999999,0,2
STU1198,Nursing,1,7.45,0,3,1,0.6,1.0,6,placed_6m,462925,0.58075,0.84,5,1
STU1199,Engineering,2,6.84,2,4,0,0.75,0.7,6,placed_6m,681733,0.6985666666666666,0.32000000000000006,2,1
STU1200,Nursing,2,7.85,1,3,1,0.6,0.7,6,placed_6m,423610,0.6180833333333332,0.84,5,1
STU1201,Engineering,2,7.95,2,3,1,0.75,0.7,6,placed_6m,802615,0.7274166666666666,0.84,2,1
STU1202,Engineering,1,7.54,0,3,1,0.75,1.0,12,placed_12m,694990,0.6064,0.84,2,2
STU1203,MBA,3,6.29,2,1,1,0.7,0.45,6,placed_6m,839901,0.5918166666666667,0.6799999999999999,4,1
STU1204,MBA,3,7.5,0,4,1,0.7,0.45,24,delayed,816677,0.49749999999999994,0.92,4,3
STU1205,Nursing,3,8.52,1,0,1,0.6,0.45,12,placed_12m,428272,0.5615333333333333,0.6,5,2
STU1206,Data Science,3,6.54,0,0,0,0.85,0.45,12,placed_12m,1042424,0.4464,0.0,1,2
STU1207,MBA,3,9.51,2,1,0,0.7,0.45,3,placed_3m,889823,0.7045166666666666,0.08000000000000002,4,0
STU1208,Engineering,2,6.62,1,1,1,0.75,0.7,3,placed_3m,701462,0.5775333333333332,0.6799999999999999,2,0
STU1209,Arts,2,7.24,3,3,1,0.35,0.7,3,placed_3m,354262,0.7259,0.84,0,0
STU1210,MBA,1,6.46,3,4,1,0.7,1.0,3,placed_3m,946817,0.8210999999999999,0.92,4,0
STU1211,MBA,3,7.45,0,4,1,0.7,0.45,12,placed_12m,737645,0.49575,0.92,4,2
STU1212,Engineering,1,5.28,2,2,0,0.75,1.0,3,placed_3m,746555,0.6839666666666666,0.16000000000000003,2,0
STU1213,Nursing,3,6.6,0,2,1,0.6,0.45,24,delayed,410190,0.43099999999999994,0.76,5,3
STU1214,Data Science,2,6.0,1,0,0,0.85,0.7,6,placed_6m,951049,0.5608333333333333,0.0,1,1
STU1215,Engineering,1,7.35,2,2,1,0.75,1.0,3,placed_3m,800675,0.7564166666666667,0.76,2,0
STU1216,Engineering,1,8.29,2,2,1,0.75,1.0,3,placed_3m,813062,0.7893166666666667,0.76,2,0
STU1217,Data Science,1,7.91,2,0,1,0.85,1.0,3,placed_3m,1083148,0.7710166666666667,0.6,1,0
STU1218,Data Science,3,4.59,1,0,0,0.85,0.45,24,delayed,796119,0.46148333333333336,0.0,1,3
STU1219,Engineering,3,9.45,1,2,0,0.75,0.45,6,placed_6m,794525,0.6365833333333333,0.16000000000000003,2,1
STU1220,Arts,2,7.52,0,4,1,0.35,0.7,12,placed_12m,326478,0.49570000000000003,0.92,0,2
STU1221,Engineering,1,6.35,2,2,1,0.75,1.0,6,placed_6m,705788,0.7214166666666666,0.76,2,1
STU1222,MBA,1,7.37,1,3,1,0.7,1.0,6,placed_6m,878097,0.6762833333333333,0.84,4,1
STU1223,Arts,1,7.39,2,3,0,0.35,1.0,6,placed_6m,345135,0.7078166666666668,0.24,0,1
STU1224,MBA,1,6.47,0,3,1,0.7,1.0,6,placed_6m,843948,0.56145,0.84,4,1
STU1225,Data Science,3,7.42,1,1,1,0.85,0.45,12,placed_12m,946387,0.5705333333333333,0.6799999999999999,1,2
STU1226,MBA,2,6.53,1,3,0,0.7,0.7,12,placed_12m,739185,0.5868833333333333,0.24,4,2
STU1227,Engineering,2,6.76,0,4,1,0.75,0.7,12,placed_12m,716376,0.5290999999999999,0.92,2,2
STU1228,Arts,1,6.45,1,1,0,0.35,1.0,3,placed_3m,357556,0.5715833333333333,0.08000000000000002,0,0
STU1229,MBA,2,5.62,2,1,1,0.7,0.7,6,placed_6m,767631,0.6183666666666666,0.6799999999999999,4,1
STU1230,Law,2,7.36,3,3,1,0.45,0.7,6,placed_6m,628212,0.7451000000000001,0.84,3,1
STU1231,Engineering,2,7.84,1,2,1,0.75,0.7,6,placed_6m,678507,0.6302333333333332,0.76,2,1
STU1232,Engineering,2,7.77,1,0,1,0.75,0.7,12,placed_12m,699435,0.6077833333333333,0.6,2,2
STU1233,Engineering,1,8.1,0,2,1,0.75,1.0,12,placed_12m,721508,0.616,0.76,2,2
STU1234,Data Science,2,7.56,2,2,0,0.85,0.7,12,placed_12m,1057750,0.7187666666666668,0.16000000000000003,1,2
STU1235,MBA,2,6.61,0,1,1,0.7,0.7,12,placed_12m,941951,0.48634999999999995,0.6799999999999999,4,2
STU1236,Law,2,8.12,3,1,1,0.45,0.7,6,placed_6m,624227,0.7517,0.6799999999999999,3,1
STU1237,MBA,3,5.71,1,1,0,0.7,0.45,12,placed_12m,726756,0.4881833333333333,0.08000000000000002,4,2
STU1238,Arts,2,6.21,1,4,0,0.35,0.7,24,delayed,286381,0.5331833333333333,0.32000000000000006,0,3
STU1239,Engineering,2,6.14,3,4,1,0.75,0.7,6,placed_6m,760782,0.7574000000000001,0.92,2,1
STU1240,Law,2,8.39,0,0,0,0.45,0.7,12,placed_12m,526117,0.50115,0.0,3,2
STU1241,Nursing,2,8.24,1,1,0,0.6,0.7,6,placed_6m,441437,0.6117333333333332,0.08000000000000002,5,1
STU1242,Nursing,2,7.74,1,3,1,0.6,0.7,3,placed_3m,501459,0.6142333333333333,0.84,5,0
STU1243,Law,3,8.38,0,1,0,0.45,0.45,12,placed_12m,576737,0.46080000000000004,0.08000000000000002,3,2
STU1244,Nursing,3,6.23,1,4,1,0.6,0.45,12,placed_12m,408624,0.5213833333333334,0.92,5,2
STU1245,Data Science,1,7.58,2,1,0,0.85,1.0,6,placed_6m,1308520,0.7694666666666665,0.08000000000000002,1,1
STU1246,Engineering,2,7.06,2,4,1,0.75,0.7,12,placed_12m,722693,0.7062666666666666,0.92,2,2
STU1247,Engineering,2,8.13,0,1,1,0.75,0.7,12,placed_12m,668954,0.54705,0.6799999999999999,2,2
STU1248,Arts,3,7.07,3,3,1,0.35,0.45,3,placed_3m,326157,0.66995,0.84,0,0
STU1249,Data Science,2,6.78,0,0,0,0.85,0.7,12,placed_12m,911694,0.5047999999999999,0.0,1,2
STU1250,Nursing,2,7.79,0,3,1,0.6,0.7,3,placed_3m,484110,0.53265,0.84,5,0
STU1251,MBA,1,8.16,1,4,1,0.7,1.0,12,placed_12m,984365,0.7139333333333333,0.92,4,2
STU1252,Engineering,2,6.46,0,2,1,0.75,0.7,6,placed_6m,714416,0.4986,0.76,2,1
STU1253,Engineering,1,7.13,0,3,0,0.75,1.0,12,placed_12m,767207,0.59205,0.24,2,2
STU1254,Data Science,2,6.04,3,1,0,0.85,0.7,3,placed_3m,1037159,0.7388999999999999,0.08000000000000002,1,0
STU1255,MBA,1,4.45,1,0,1,0.7,1.0,12,placed_12m,754019,0.5440833333333334,0.6,4,2
STU1256,Engineering,3,7.42,0,1,0,0.75,0.45,6,placed_6m,656632,0.4722,0.08000000000000002,2,1
STU1257,MBA,2,7.87,0,1,1,0.7,0.7,6,placed_6m,825876,0.53045,0.6799999999999999,4,1
STU1258,Engineering,2,7.49,2,3,0,0.75,0.7,6,placed_6m,739066,0.7113166666666666,0.24,2,1
STU1259,Data Science,3,5.06,2,0,1,0.85,0.45,3,placed_3m,1029382,0.5612666666666667,0.6,1,0
STU1260,Engineering,2,6.81,1,2,1,0.75,0.7,6,placed_6m,682851,0.5941833333333333,0.76,2,1
STU1261,Nursing,2,4.76,0,1,1,0.6,0.7,12,placed_12m,385696,0.40659999999999996,0.6799999999999999,5,2
STU1262,MBA,2,8.71,0,0,1,0.7,0.7,6,placed_6m,903994,0.54985,0.6,4,1
STU1263,MBA,1,6.01,0,2,1,0.7,1.0,12,placed_12m,892113,0.53535,0.76,4,2
STU1264,Engineering,3,8.58,0,1,1,0.75,0.45,3,placed_3m,665624,0.5127999999999999,0.6799999999999999,2,0
STU1265,Engineering,1,8.24,1,0,1,0.75,1.0,6,placed_6m,664284,0.6842333333333332,0.6,2,1
STU1266,MBA,2,6.21,0,3,1,0.7,0.7,3,placed_3m,848915,0.49234999999999995,0.84,4,0
STU1267,MBA,2,5.95,1,1,1,0.7,0.7,6,placed_6m,890667,0.5465833333333333,0.6799999999999999,4,1
STU1268,Data Science,2,7.59,1,1,0,0.85,0.7,3,placed_3m,1108857,0.6264833333333333,0.08000000000000002,1,0
STU1269,Engineering,3,6.27,3,0,1,0.75,0.45,3,placed_3m,657656,0.67195,0.6,2,0
STU1270,Data Science,2,7.31,3,1,0,0.85,0.7,3,placed_3m,1042727,0.78335,0.08000000000000002,1,0
STU1271,Law,1,6.67,1,2,1,0.45,1.0,6,placed_6m,621918,0.6042833333333334,0.76,3,1
STU1272,Nursing,3,5.24,1,1,1,0.6,0.45,6,placed_6m,392991,0.4567333333333333,0.6799999999999999,5,1
STU1273,Engineering,2,4.75,1,4,1,0.75,0.7,24,delayed,600356,0.5420833333333333,0.92,2,3
STU1274,MBA,3,7.45,1,2,1,0.7,0.45,24,delayed,931198,0.5590833333333334,0.76,4,3
STU1275,Engineering,3,6.58,2,0,1,0.75,0.45,6,placed_6m,628522,0.5994666666666667,0.6,2,1
STU1276,Engineering,3,6.59,1,2,0,0.75,0.45,6,placed_6m,739449,0.5364833333333334,0.16000000000000003,2,1
STU1277,Arts,2,7.97,2,4,1,0.35,0.7,6,placed_6m,348594,0.6781166666666667,0.92,0,1
STU1278,Engineering,2,8.49,3,4,0,0.75,0.7,3,placed_3m,696866,0.83965,0.32000000000000006,2,0
STU1279,MBA,3,6.9,1,1,1,0.7,0.45,3,placed_3m,823317,0.5298333333333334,0.6799999999999999,4,0
STU1280,Data Science,2,6.83,1,1,0,0.85,0.7,12,placed_12m,1094724,0.5998833333333333,0.08000000000000002,1,2
STU1281,Nursing,1,7.75,0,3,0,0.6,1.0,3,placed_3m,456780,0.59125,0.24,5,0
STU1282,Data Science,3,5.71,0,2,1,0.85,0.45,12,placed_12m,794147,0.43735,0.76,1,2
STU1283,Engineering,3,7.45,1,3,0,0.75,0.45,6,placed_6m,671967,0.5765833333333333,0.24,2,1
STU1284,MBA,2,7.81,0,4,1,0.7,0.7,12,placed_12m,815084,0.5583499999999999,0.92,4,2
STU1285,Data Science,1,7.95,2,1,0,0.85,1.0,6,placed_6m,1206832,0.7824166666666665,0.08000000000000002,1,1
STU1286,Engineering,2,5.07,0,1,1,0.75,0.7,12,placed_12m,648210,0.43995,0.6799999999999999,2,2
STU1287,MBA,3,6.36,1,1,1,0.7,0.45,6,placed_6m,745842,0.5109333333333334,0.6799999999999999,4,1
STU1288,Engineering,3,6.23,2,0,0,0.75,0.45,3,placed_3m,633388,0.5872166666666667,0.0,2,0
STU1289,Engineering,2,7.31,2,4,0,0.75,0.7,6,placed_6m,762115,0.7150166666666666,0.32000000000000006,2,1
STU1290,MBA,1,7.73,1,1,1,0.7,1.0,6,placed_6m,891425,0.6688833333333333,0.6799999999999999,4,1
STU1291,Engineering,3,8.85,2,4,0,0.75,0.45,3,placed_3m,693697,0.7189166666666666,0.32000000000000006,2,0
STU1292,Data Science,2,6.66,1,1,1,0.85,0.7,12,placed_12m,933133,0.5939333333333334,0.6799999999999999,1,2
STU1293,Data Science,2,6.65,1,2,0,0.85,0.7,3,placed_3m,1060091,0.6035833333333334,0.16000000000000003,1,0
STU1294,Law,3,8.46,0,4,0,0.45,0.45,12,placed_12m,581482,0.49360000000000004,0.32000000000000006,3,2
STU1295,Engineering,1,7.53,1,3,1,0.75,1.0,12,placed_12m,707952,0.6893833333333335,0.84,2,2
STU1296,Engineering,2,8.59,2,0,0,0.75,0.7,3,placed_3m,768326,0.7198166666666665,0.0,2,0
STU1297,Engineering,1,7.52,2,3,1,0.75,1.0,3,placed_3m,845080,0.7723666666666666,0.84,2,0
STU1298,Data Science,2,5.93,2,4,0,0.85,0.7,3,placed_3m,961965,0.6817166666666667,0.32000000000000006,1,0
STU1299,Nursing,3,5.73,1,1,0,0.6,0.45,12,placed_12m,333971,0.4738833333333333,0.08000000000000002,5,2
STU1300,Engineering,2,5.49,0,4,1,0.75,0.7,24,delayed,630643,0.48465,0.92,2,3
STU1301,Arts,3,7.93,0,0,1,0.35,0.45,6,placed_6m,312222,0.42005,0.6,0,1
STU1302,Engineering,2,8.51,1,4,1,0.75,0.7,3,placed_3m,711392,0.6736833333333332,0.92,2,0
STU1303,Data Science,2,9.23,2,1,0,0.85,0.7,3,placed_3m,1227868,0.7672166666666667,0.08000000000000002,1,0
STU1304,Nursing,2,8.13,2,3,1,0.6,0.7,3,placed_3m,503091,0.7112166666666667,0.84,5,0
STU1305,Law,2,8.48,1,2,1,0.45,0.7,12,placed_12m,522813,0.6076333333333334,0.76,3,2
STU1306,Nursing,2,6.56,1,3,0,0.6,0.7,12,placed_12m,408205,0.5729333333333333,0.24,5,2
STU1307,Law,1,5.93,1,1,1,0.45,1.0,12,placed_12m,670065,0.5683833333333334,0.6799999999999999,3,2
STU1308,MBA,2,8.14,1,1,1,0.7,0.7,12,placed_12m,938820,0.6232333333333333,0.6799999999999999,4,2
STU1309,Law,2,7.66,0,0,0,0.45,0.7,3,placed_3m,610405,0.4756,0.0,3,0
STU1310,Engineering,3,7.32,0,4,1,0.75,0.45,24,delayed,689844,0.49870000000000003,0.92,2,3
STU1311,Law,3,7.63,0,4,1,0.45,0.45,12,placed_12m,548835,0.46455,0.92,3,2
STU1312,Data Science,3,7.56,0,3,0,0.85,0.45,6,placed_6m,1052108,0.5121,0.24,1,1
STU1313,Law,1,8.61,0,2,1,0.45,1.0,6,placed_6m,662777,0.58885,0.76,3,1
STU1314,MBA,2,8.62,0,2,0,0.7,0.7,12,placed_12m,929510,0.5666999999999999,0.16000000000000003,4,2
STU1315,Data Science,3,7.8,2,0,1,0.85,0.45,6,placed_6m,1042504,0.6571666666666667,0.6,1,1
STU1316,Data Science,2,8.13,1,1,1,0.85,0.7,6,placed_6m,1108005,0.6453833333333334,0.6799999999999999,1,1
STU1317,Nursing,1,7.77,3,0,1,0.6,1.0,3,placed_3m,488282,0.8119499999999998,0.6,5,0
STU1318,Engineering,3,6.69,0,4,1,0.75,0.45,3,placed_3m,641646,0.47665,0.92,2,0
STU1319,Engineering,3,8.03,1,1,0,0.75,0.45,3,placed_3m,645129,0.5768833333333333,0.08000000000000002,2,0
STU1320,Engineering,2,5.67,1,0,1,0.75,0.7,24,delayed,596031,0.5342833333333332,0.6,2,3
STU1321,Engineering,1,8.36,0,3,1,0.75,1.0,6,placed_6m,739727,0.6351,0.84,2,1
STU1322,Law,3,5.89,2,4,1,0.45,0.45,12,placed_12m,500235,0.5703166666666667,0.92,3,2
STU1323,Engineering,2,7.51,0,2,1,0.75,0.7,6,placed_6m,667690,0.53535,0.76,2,1
STU1324,Arts,3,6.27,3,0,0,0.35,0.45,3,placed_3m,317562,0.61195,0.0,0,0
STU1325,MBA,3,7.81,3,4,0,0.7,0.45,3,placed_3m,942275,0.75835,0.32000000000000006,4,0
STU1326,Engineering,3,7.16,1,4,0,0.75,0.45,6,placed_6m,716944,0.5764333333333334,0.32000000000000006,2,1
STU1327,Nursing,2,5.45,1,2,1,0.6,0.7,24,delayed,383237,0.5240833333333333,0.76,5,3
STU1328,Data Science,1,7.66,2,2,0,0.85,1.0,6,placed_6m,1254702,0.7822666666666667,0.16000000000000003,1,1
STU1329,MBA,3,6.56,1,2,1,0.7,0.45,12,placed_12m,863727,0.5279333333333334,0.76,4,2
STU1330,Data Science,2,8.17,2,0,1,0.85,0.7,3,placed_3m,1169286,0.7201166666666667,0.6,1,0
STU1331,Nursing,3,7.2,0,2,0,0.6,0.45,24,delayed,403698,0.45200000000000007,0.16000000000000003,5,3
STU1332,Engineering,1,7.63,0,3,1,0.75,1.0,12,placed_12m,739366,0.60955,0.84,2,2
STU1333,Arts,1,6.15,1,4,1,0.35,1.0,6,placed_6m,356476,0.5910833333333334,0.92,0,1
STU1334,Arts,3,6.55,1,2,1,0.35,0.45,6,placed_6m,332165,0.47508333333333336,0.76,0,1
STU1335,Data Science,3,6.7,3,4,0,0.85,0.45,3,placed_3m,1147788,0.742,0.32000000000000006,1,0
STU1336,Engineering,3,8.14,0,1,0,0.75,0.45,24,delayed,660254,0.4974,0.08000000000000002,2,3
STU1337,Data Science,3,9.05,2,1,0,0.85,0.45,3,placed_3m,1167362,0.7109166666666666,0.08000000000000002,1,0
STU1338,Engineering,2,6.31,0,2,0,0.75,0.7,12,placed_12m,712919,0.49335,0.16000000000000003,2,2
STU1339,Engineering,3,8.38,1,4,1,0.75,0.45,3,placed_3m,681847,0.6191333333333333,0.92,2,0
STU1340,Engineering,3,4.81,1,1,1,0.75,0.45,24,delayed,563116,0.46418333333333334,0.6799999999999999,2,3
STU1341,MBA,2,5.89,1,2,0,0.7,0.7,24,delayed,801701,0.5544833333333333,0.16000000000000003,4,3
STU1342,Law,2,6.15,0,4,1,0.45,0.7,24,delayed,559617,0.46275,0.92,3,3
STU1343,Nursing,1,5.71,1,2,1,0.6,1.0,24,delayed,453020,0.5931833333333333,0.76,5,3
STU1344,Nursing,2,5.46,2,4,0,0.6,0.7,12,placed_12m,412718,0.6277666666666667,0.32000000000000006,5,2
STU1345,MBA,3,7.65,1,1,0,0.7,0.45,12,placed_12m,757769,0.5560833333333334,0.08000000000000002,4,2
STU1346,MBA,2,6.96,1,2,1,0.7,0.7,6,placed_6m,884065,0.5919333333333333,0.76,4,1
STU1347,MBA,2,7.62,2,1,1,0.7,0.7,6,placed_6m,863676,0.6883666666666667,0.6799999999999999,4,1
STU1348,Arts,2,7.96,2,2,1,0.35,0.7,12,placed_12m,310925,0.6577666666666667,0.76,0,2
STU1349,Engineering,2,7.49,1,0,0,0.75,0.7,6,placed_6m,650599,0.5979833333333333,0.0,2,1
STU1350,Law,2,7.92,1,1,0,0.45,0.7,3,placed_3m,619685,0.5780333333333333,0.08000000000000002,3,0
STU1351,Data Science,2,7.12,3,1,0,0.85,0.7,3,placed_3m,1213927,0.7767,0.08000000000000002,1,0
STU1352,MBA,3,5.89,1,3,1,0.7,0.45,24,delayed,765870,0.5144833333333333,0.84,4,3
STU1353,Nursing,2,8.36,0,1,1,0.6,0.7,6,placed_6m,460784,0.5326,0.6799999999999999,5,1
STU1354,MBA,1,6.55,1,4,0,0.7,1.0,3,placed_3m,974485,0.6575833333333334,0.32000000000000006,4,0
STU1355,Law,1,6.17,2,2,1,0.45,1.0,12,placed_12m,538326,0.6701166666666666,0.76,3,2
STU1356,Arts,3,7.0,0,0,1,0.35,0.45,24,delayed,302912,0.38749999999999996,0.6,0,3
STU1357,MBA,2,6.2,3,4,1,0.7,0.7,3,placed_3m,894463,0.752,0.92,4,0
STU1358,Engineering,3,6.74,0,4,1,0.75,0.45,12,placed_12m,658395,0.47840000000000005,0.92,2,2
STU1359,Data Science,3,7.58,2,4,0,0.85,0.45,6,placed_6m,1020969,0.6894666666666667,0.32000000000000006,1,1
STU1360,Arts,3,7.58,1,4,1,0.35,0.45,12,placed_12m,297376,0.5311333333333333,0.92,0,2
STU1361,Engineering,2,6.21,1,0,0,0.75,0.7,3,placed_3m,683366,0.5531833333333334,0.0,2,0
STU1362,Data Science,3,6.66,3,3,0,0.85,0.45,3,placed_3m,1168975,0.7305999999999999,0.24,1,0
STU1363,Data Science,2,8.38,1,1,1,0.85,0.7,3,placed_3m,1174540,0.6541333333333332,0.6799999999999999,1,0
STU1364,Nursing,3,7.75,1,4,1,0.6,0.45,6,placed_6m,420857,0.5745833333333333,0.92,5,1
STU1365,Engineering,2,9.48,0,1,1,0.75,0.7,6,placed_6m,686610,0.5943,0.6799999999999999,2,1
STU1366,Nursing,2,8.5,0,1,1,0.6,0.7,6,placed_6m,405779,0.5375,0.6799999999999999,5,1
STU1367,Arts,2,8.46,0,4,1,0.35,0.7,24,delayed,355102,0.5286000000000001,0.92,0,3
STU1368,Engineering,1,5.67,2,3,1,0.75,1.0,6,placed_6m,666856,0.7076166666666668,0.84,2,1
STU1369,Engineering,3,8.04,0,1,0,0.75,0.45,6,placed_6m,662082,0.4939,0.08000000000000002,2,1
STU1370,Arts,2,7.14,0,2,1,0.35,0.7,24,delayed,336777,0.4624,0.76,0,3
STU1371,Engineering,2,6.59,1,1,1,0.75,0.7,12,placed_12m,599350,0.5764833333333332,0.6799999999999999,2,2
STU1372,Law,2,7.38,2,4,1,0.45,0.7,6,placed_6m,666394,0.6724666666666667,0.92,3,1
STU1373,MBA,3,8.24,2,0,1,0.7,0.45,6,placed_6m,889396,0.6500666666666666,0.6,4,1
STU1374,Engineering,3,7.75,0,1,1,0.75,0.45,12,placed_12m,606395,0.48375,0.6799999999999999,2,2
STU1375,Law,3,6.23,0,3,1,0.45,0.45,12,placed_12m,503447,0.40554999999999997,0.84,3,2
STU1376,MBA,3,8.02,3,2,1,0.7,0.45,12,placed_12m,868520,0.7456999999999999,0.76,4,2
STU1377,Data Science,1,6.5,1,2,1,0.85,1.0,3,placed_3m,1113553,0.6583333333333332,0.76,1,0
STU1378,MBA,1,7.44,2,0,0,0.7,1.0,6,placed_6m,918175,0.7320666666666666,0.0,4,1
STU1379,Data Science,3,6.87,2,0,1,0.85,0.45,6,placed_6m,886095,0.6246166666666667,0.6,1,1
STU1380,Engineering,2,6.96,2,1,1,0.75,0.7,6,placed_6m,704690,0.6727666666666665,0.6799999999999999,2,1
STU1381,MBA,2,8.04,0,4,1,0.7,0.7,3,placed_3m,808027,0.5664,0.92,4,0
STU1382,Arts,1,6.06,2,3,1,0.35,1.0,3,placed_3m,344274,0.6612666666666667,0.84,0,0
STU1383,Engineering,2,9.34,2,2,1,0.75,0.7,3,placed_3m,733459,0.7660666666666667,0.76,2,0
STU1384,Data Science,1,5.2,1,0,1,0.85,1.0,12,placed_12m,971219,0.5928333333333333,0.6,1,2
STU1385,MBA,3,6.54,1,3,1,0.7,0.45,6,placed_6m,826926,0.5372333333333333,0.84,4,1
STU1386,Nursing,2,7.61,1,4,0,0.6,0.7,6,placed_6m,446195,0.6196833333333333,0.32000000000000006,5,1
STU1387,Engineering,2,7.84,0,2,1,0.75,0.7,6,placed_6m,713803,0.5468999999999999,0.76,2,1
STU1388,Arts,1,7.09,1,2,1,0.35,1.0,3,placed_3m,360074,0.6039833333333333,0.76,0,0
STU1389,MBA,3,7.14,1,4,0,0.7,0.45,12,placed_12m,759406,0.5682333333333334,0.32000000000000006,4,2
STU1390,Engineering,2,7.65,1,2,1,0.75,0.7,3,placed_3m,716707,0.6235833333333334,0.76,2,0
STU1391,Engineering,3,6.95,1,4,1,0.75,0.45,12,placed_12m,497558,0.5690833333333334,0.92,2,2
STU1392,Engineering,3,8.73,1,2,1,0.75,0.45,24,delayed,707846,0.6113833333333334,0.76,2,3
STU1393,Data Science,2,8.12,2,1,0,0.85,0.7,6,placed_6m,1103639,0.7283666666666666,0.08000000000000002,1,1
STU1394,MBA,3,8.16,3,4,0,0.7,0.45,3,placed_3m,872309,0.7706000000000001,0.32000000000000006,4,0
STU1395,Law,3,6.14,0,3,1,0.45,0.45,12,placed_12m,523559,0.4024,0.84,3,2
STU1396,MBA,3,7.11,1,1,0,0.7,0.45,3,placed_3m,912399,0.5371833333333333,0.08000000000000002,4,0
STU1397,Engineering,3,6.87,0,3,1,0.75,0.45,12,placed_12m,612235,0.47295,0.84,2,2
STU1398,Data Science,2,6.09,2,2,0,0.85,0.7,6,placed_6m,965946,0.6673166666666666,0.16000000000000003,1,1
STU1399,Nursing,2,7.6,2,3,1,0.6,0.7,12,placed_12m,465377,0.6926666666666667,0.84,5,2
STU1400,Engineering,1,6.61,3,1,0,0.75,1.0,3,placed_3m,700398,0.80385,0.08000000000000002,2,0
STU1401,Engineering,1,7.92,1,4,0,0.75,1.0,6,placed_6m,728430,0.7130333333333334,0.32000000000000006,2,1
STU1402,Engineering,3,6.02,3,0,1,0.75,0.45,3,placed_3m,739608,0.6632,0.6,2,0
STU1403,Nursing,2,9.09,0,3,0,0.6,0.7,6,placed_6m,470068,0.5781499999999999,0.24,5,1
STU1404,Data Science,3,6.21,2,0,1,0.85,0.45,6,placed_6m,859059,0.6015166666666667,0.6,1,1
STU1405,MBA,3,7.44,0,3,1,0.7,0.45,12,placed_12m,707476,0.48539999999999994,0.84,4,2
STU1406,Law,3,8.07,3,3,1,0.45,0.45,12,placed_12m,615759,0.71995,0.84,3,2
STU1407,Law,3,6.57,1,4,1,0.45,0.45,24,delayed,560469,0.5107833333333334,0.92,3,3
STU1408,Data Science,2,8.14,2,2,0,0.85,0.7,12,placed_12m,998228,0.7390666666666668,0.16000000000000003,1,2
STU1409,Law,1,5.85,2,1,0,0.45,1.0,6,placed_6m,616269,0.6489166666666667,0.08000000000000002,3,1
STU1410,Engineering,2,8.8,0,1,1,0.75,0.7,6,placed_6m,794276,0.5705,0.6799999999999999,2,1
STU1411,Engineering,1,7.22,0,1,1,0.75,1.0,6,placed_6m,809584,0.5751999999999999,0.6799999999999999,2,1
STU1412,Engineering,1,6.54,2,2,1,0.75,1.0,3,placed_3m,758467,0.7280666666666666,0.76,2,0
STU1413,Engineering,2,6.87,1,0,1,0.75,0.7,12,placed_12m,709453,0.5762833333333333,0.6,2,2
STU1414,Data Science,3,8.09,0,1,1,0.85,0.45,12,placed_12m,853952,0.51065,0.6799999999999999,1,2
STU1415,Arts,2,6.56,1,0,0,0.35,0.7,12,placed_12m,362367,0.5054333333333333,0.0,0,2
STU1416,Engineering,2,6.38,1,2,1,0.75,0.7,6,placed_6m,650147,0.5791333333333333,0.76,2,1
STU1417,Engineering,3,6.96,0,2,1,0.75,0.45,12,placed_12m,592882,0.46609999999999996,0.76,2,2
STU1418,MBA,2,5.91,1,4,1,0.7,0.7,24,delayed,786137,0.5751833333333333,0.92,4,3
STU1419,Arts,1,9.2,0,1,1,0.35,1.0,3,placed_3m,398947,0.5845,0.6799999999999999,0,0
STU1420,MBA,3,6.58,1,4,0,0.7,0.45,24,delayed,921618,0.5486333333333334,0.32000000000000006,4,3
STU1421,Data Science,2,8.11,3,1,0,0.85,0.7,3,placed_3m,1169569,0.81135,0.08000000000000002,1,0
STU1422,Engineering,3,7.43,3,2,1,0.75,0.45,6,placed_6m,767320,0.73255,0.76,2,1
STU1423,Engineering,1,6.12,2,2,1,0.75,1.0,6,placed_6m,728084,0.7133666666666667,0.76,2,1
STU1424,Arts,3,7.19,0,3,1,0.35,0.45,12,placed_12m,277661,0.42415,0.84,0,2
STU1425,Arts,2,8.06,3,3,0,0.35,0.7,6,placed_6m,391652,0.7546,0.24,0,1
STU1426,Engineering,2,6.99,1,2,0,0.75,0.7,6,placed_6m,666425,0.6004833333333333,0.16000000000000003,2,1
STU1427,Arts,2,8.51,0,2,1,0.35,0.7,12,placed_12m,367769,0.51035,0.76,0,2
STU1428,Data Science,3,8.32,3,0,0,0.85,0.45,3,placed_3m,1218434,0.7586999999999999,0.0,1,0
STU1429,Law,2,8.21,2,0,1,0.45,0.7,6,placed_6m,651914,0.6615166666666666,0.6,3,1
STU1430,MBA,2,6.69,2,4,1,0.7,0.7,6,placed_6m,993902,0.6858166666666666,0.92,4,1
STU1431,Data Science,3,6.01,2,3,1,0.85,0.45,3,placed_3m,1151651,0.6245166666666667,0.84,1,0
STU1432,MBA,3,6.53,0,3,0,0.7,0.45,12,placed_12m,770424,0.45355,0.24,4,2
STU1433,Data Science,2,7.42,0,2,1,0.85,0.7,12,placed_12m,963980,0.5471999999999999,0.76,1,2
STU1434,Engineering,3,7.8,2,2,0,0.75,0.45,3,placed_3m,624776,0.6621666666666666,0.16000000000000003,2,0
STU1435,Engineering,2,4.81,0,4,0,0.75,0.7,6,placed_6m,718582,0.46085,0.32000000000000006,2,1
STU1436,MBA,2,7.19,1,3,0,0.7,0.7,6,placed_6m,851409,0.6099833333333333,0.24,4,1
STU1437,Nursing,2,7.37,2,0,0,0.6,0.7,6,placed_6m,495392,0.6546166666666666,0.0,5,1
STU1438,Engineering,3,6.89,2,1,1,0.75,0.45,12,placed_12m,640260,0.6203166666666666,0.6799999999999999,2,2
STU1439,Data Science,3,8.62,1,4,0,0.85,0.45,6,placed_6m,1183423,0.6425333333333333,0.32000000000000006,1,1
STU1440,Arts,2,7.66,2,1,0,0.35,0.7,12,placed_12m,324479,0.6372666666666666,0.08000000000000002,0,2
STU1441,Engineering,2,8.64,2,0,1,0.75,0.7,6,placed_6m,708533,0.7215666666666667,0.6,2,1
STU1442,Data Science,2,6.96,2,0,0,0.85,0.7,3,placed_3m,1063672,0.6777666666666666,0.0,1,0
STU1443,MBA,3,8.23,0,1,1,0.7,0.45,12,placed_12m,813014,0.49305000000000004,0.6799999999999999,4,2
STU1444,Law,3,9.0,1,4,0,0.45,0.45,3,placed_3m,632357,0.5958333333333334,0.32000000000000006,3,0
STU1445,Engineering,2,8.64,1,1,0,0.75,0.7,6,placed_6m,743318,0.6482333333333332,0.08000000000000002,2,1
STU1446,Data Science,3,6.0,0,4,1,0.85,0.45,24,delayed,936133,0.4675,0.92,1,3
STU1447,Law,3,6.92,1,4,0,0.45,0.45,12,placed_12m,535549,0.5230333333333334,0.32000000000000006,3,2
STU1448,Arts,2,6.82,0,2,1,0.35,0.7,24,delayed,287786,0.4512,0.76,0,3
STU1449,Data Science,1,7.74,1,3,0,0.85,1.0,6,placed_6m,1089951,0.7117333333333333,0.24,1,1
STU1450,MBA,2,7.95,3,3,0,0.7,0.7,3,placed_3m,1083820,0.80325,0.24,4,0
STU1451,Data Science,3,6.28,0,0,0,0.85,0.45,6,placed_6m,953437,0.4373,0.0,1,1
STU1452,Law,3,7.27,2,2,0,0.45,0.45,12,placed_12m,493348,0.5986166666666666,0.16000000000000003,3,2
STU1453,Data Science,2,4.98,2,3,0,0.85,0.7,3,placed_3m,951933,0.6384666666666667,0.24,1,0
STU1454,Engineering,3,8.79,0,4,1,0.75,0.45,12,placed_12m,697233,0.5501499999999999,0.92,2,2
STU1455,Arts,1,6.64,3,4,1,0.35,1.0,3,placed_3m,398496,0.7748999999999999,0.92,0,0
STU1456,Data Science,2,7.26,1,1,0,0.85,0.7,12,placed_12m,1119331,0.6149333333333333,0.08000000000000002,1,2
STU1457,Data Science,3,6.86,1,1,1,0.85,0.45,3,placed_3m,932683,0.5509333333333334,0.6799999999999999,1,0
STU1458,Engineering,3,8.46,2,4,1,0.75,0.45,3,placed_3m,850149,0.7052666666666667,0.92,2,0
STU1459,Data Science,2,4.08,1,4,1,0.85,0.7,6,placed_6m,911049,0.5336333333333333,0.92,1,1
STU1460,MBA,2,7.18,2,1,1,0.7,0.7,12,placed_12m,967844,0.6729666666666666,0.6799999999999999,4,2
STU1461,Data Science,1,7.08,0,3,1,0.85,1.0,12,placed_12m,978101,0.6053,0.84,1,2
STU1462,Engineering,2,6.7,2,0,0,0.75,0.7,3,placed_3m,596168,0.6536666666666666,0.0,2,0
STU1463,Data Science,2,9.1,1,1,0,0.85,0.7,12,placed_12m,1026541,0.6793333333333333,0.08000000000000002,1,2
STU1464,Arts,1,6.22,2,3,1,0.35,1.0,6,placed_6m,267494,0.6668666666666667,0.84,0,1
STU1465,Engineering,3,8.05,0,3,1,0.75,0.45,24,delayed,756849,0.51425,0.84,2,3
STU1466,Arts,2,7.59,2,3,1,0.35,0.7,12,placed_12m,343958,0.6548166666666667,0.84,0,2
STU1467,MBA,3,8.59,2,2,1,0.7,0.45,6,placed_6m,862184,0.6823166666666666,0.76,4,1
STU1468,Law,3,6.47,1,2,1,0.45,0.45,12,placed_12m,553923,0.48728333333333335,0.76,3,2
STU1469,Nursing,1,6.39,2,3,1,0.6,1.0,12,placed_12m,466070,0.7103166666666666,0.84,5,2
STU1470,Data Science,1,8.41,1,4,1,0.85,1.0,3,placed_3m,1212337,0.7451833333333333,0.92,1,0
STU1471,Nursing,3,7.67,3,2,1,0.6,0.45,3,placed_3m,499283,0.7184499999999999,0.76,5,0
STU1472,Law,2,5.5,1,1,0,0.45,0.7,12,placed_12m,525084,0.4933333333333333,0.08000000000000002,3,2
STU1473,MBA,3,6.61,2,2,0,0.7,0.45,6,placed_6m,790588,0.6130166666666668,0.16000000000000003,4,1
STU1474,MBA,3,7.63,2,4,0,0.7,0.45,6,placed_6m,931229,0.6687166666666666,0.32000000000000006,4,1
STU1475,Data Science,3,8.12,1,0,1,0.85,0.45,3,placed_3m,1113612,0.5850333333333333,0.6,1,0
STU1476,Law,3,6.45,0,2,0,0.45,0.45,12,placed_12m,522850,0.40325,0.16000000000000003,3,2
STU1477,Nursing,2,4.0,1,3,1,0.6,0.7,6,placed_6m,450314,0.4833333333333333,0.84,5,1
STU1478,Nursing,2,7.78,2,3,0,0.6,0.7,12,placed_12m,450458,0.6989666666666666,0.24,5,2
STU1479,MBA,2,5.86,0,3,1,0.7,0.7,6,placed_6m,748795,0.48009999999999997,0.84,4,1
STU1480,Law,1,4.98,1,0,0,0.45,1.0,6,placed_6m,576663,0.5251333333333333,0.0,3,1
STU1481,Engineering,2,4.08,2,4,0,0.75,0.7,6,placed_6m,596636,0.6019666666666668,0.32000000000000006,2,1
STU1482,Data Science,2,8.1,1,1,1,0.85,0.7,3,placed_3m,1135344,0.6443333333333332,0.6799999999999999,1,0
STU1483,Engineering,3,7.34,2,4,1,0.75,0.45,6,placed_6m,656759,0.6660666666666666,0.92,2,1
STU1484,MBA,2,6.95,0,0,1,0.7,0.7,6,placed_6m,819802,0.48824999999999996,0.6,4,1
STU1485,MBA,2,8.73,0,3,1,0.7,0.7,6,placed_6m,1023872,0.58055,0.84,4,1
STU1486,MBA,2,7.9,2,4,0,0.7,0.7,3,placed_3m,909766,0.7281666666666666,0.32000000000000006,4,0
STU1487,Data Science,1,8.98,0,1,0,0.85,1.0,3,placed_3m,1105864,0.6517999999999999,0.08000000000000002,1,0
STU1488,MBA,1,5.67,1,3,1,0.7,1.0,12,placed_12m,926540,0.6167833333333334,0.84,4,2
STU1489,MBA,2,7.16,2,1,1,0.7,0.7,12,placed_12m,829262,0.6722666666666667,0.6799999999999999,4,2
STU1490,Engineering,1,5.42,1,2,1,0.75,1.0,24,delayed,629387,0.6055333333333334,0.76,2,3
STU1491,MBA,2,6.95,3,1,1,0.7,0.7,3,placed_3m,957944,0.74825,0.6799999999999999,4,0
STU1492,Engineering,3,6.93,3,3,1,0.75,0.45,6,placed_6m,749339,0.72505,0.84,2,1
STU1493,Engineering,3,7.89,1,2,0,0.75,0.45,12,placed_12m,744261,0.5819833333333333,0.16000000000000003,2,2
STU1494,Data Science,3,7.25,0,3,1,0.85,0.45,24,delayed,893455,0.50125,0.84,1,3
STU1495,Data Science,2,7.89,2,3,1,0.85,0.7,6,placed_6m,1157521,0.7403166666666667,0.84,1,1
STU1496,Data Science,3,7.97,1,2,1,0.85,0.45,3,placed_3m,1015635,0.5997833333333333,0.76,1,0
STU1497,MBA,3,9.57,0,1,0,0.7,0.45,6,placed_6m,868176,0.53995,0.08000000000000002,4,1
STU1498,MBA,1,6.85,2,0,0,0.7,1.0,6,placed_6m,1007311,0.7114166666666666,0.0,4,1
STU1499,Law,3,6.16,0,0,0,0.45,0.45,24,delayed,477139,0.3731,0.0,3,3
STU1500,Data Science,2,7.47,2,0,0,0.85,0.7,6,placed_6m,1115961,0.6956166666666665,0.0,1,1
STU1501,MBA,3,6.32,0,0,1,0.7,0.45,12,placed_12m,782490,0.41619999999999996,0.6,4,2
STU1502,Engineering,3,8.83,0,4,0,0.75,0.45,12,placed_12m,642508,0.55155,0.32000000000000006,2,2
STU1503,MBA,1,6.89,0,0,0,0.7,1.0,12,placed_12m,935032,0.54615,0.0,4,2
STU1504,MBA,3,6.58,3,2,0,0.7,0.45,3,placed_3m,905599,0.6953,0.16000000000000003,4,0
STU1505,MBA,2,6.68,2,0,1,0.7,0.7,3,placed_3m,769193,0.6454666666666666,0.6,4,0
STU1506,Data Science,3,7.99,2,3,1,0.85,0.45,3,placed_3m,1099910,0.6938166666666667,0.84,1,0
STU1507,Data Science,2,7.03,1,0,0,0.85,0.7,12,placed_12m,979037,0.5968833333333334,0.0,1,2
STU1508,Data Science,3,6.49,1,1,0,0.85,0.45,12,placed_12m,1044726,0.5379833333333334,0.08000000000000002,1,2
STU1509,Nursing,1,9.03,0,2,0,0.6,1.0,12,placed_12m,441165,0.6260499999999999,0.16000000000000003,5,2
STU1510,Law,2,6.26,1,2,1,0.45,0.7,6,placed_6m,547612,0.5299333333333334,0.76,3,1
STU1511,Nursing,1,7.24,1,4,0,0.6,1.0,6,placed_6m,479465,0.6667333333333333,0.32000000000000006,5,1
STU1512,Arts,3,7.92,2,3,1,0.35,0.45,6,placed_6m,334429,0.6163666666666666,0.84,0,1
STU1513,Engineering,3,5.41,1,2,1,0.75,0.45,6,placed_6m,655287,0.49518333333333336,0.76,2,1
STU1514,Engineering,3,7.73,3,1,0,0.75,0.45,3,placed_3m,659214,0.73305,0.08000000000000002,2,0
STU1515,Engineering,3,6.04,0,0,1,0.75,0.45,12,placed_12m,689473,0.4139,0.6,2,2
STU1516,Data Science,1,8.11,3,2,0,0.85,1.0,3,placed_3m,1251913,0.8813499999999999,0.16000000000000003,1,0
STU1517,Law,2,6.14,0,1,1,0.45,0.7,24,delayed,577915,0.4324,0.6799999999999999,3,3
STU1518,Engineering,1,7.96,1,0,0,0.75,1.0,6,placed_6m,803324,0.6744333333333334,0.0,2,1
STU1519,Arts,2,8.42,1,4,1,0.35,0.7,6,placed_6m,344603,0.6105333333333333,0.92,0,1
STU1520,Engineering,2,8.15,1,2,1,0.75,0.7,12,placed_12m,661785,0.6410833333333332,0.76,2,2
STU1521,Arts,2,7.48,1,2,1,0.35,0.7,24,delayed,308580,0.5576333333333333,0.76,0,3
STU1522,MBA,2,6.95,1,1,0,0.7,0.7,24,delayed,935832,0.5815833333333333,0.08000000000000002,4,3
STU1523,Engineering,1,6.57,1,3,0,0.75,1.0,12,placed_12m,778479,0.6557833333333334,0.24,2,2
STU1524,MBA,1,8.82,2,4,1,0.7,1.0,3,placed_3m,976316,0.8203666666666667,0.92,4,0
STU1525,Engineering,1,6.43,2,3,1,0.75,1.0,3,placed_3m,603888,0.7342166666666667,0.84,2,0
STU1526,Engineering,3,6.06,2,2,1,0.75,0.45,6,placed_6m,648067,0.6012666666666666,0.76,2,1
STU1527,MBA,3,7.93,0,3,0,0.7,0.45,12,placed_12m,816434,0.5025499999999999,0.24,4,2
STU1528,Law,3,6.32,2,0,0,0.45,0.45,12,placed_12m,538948,0.5453666666666667,0.0,3,2
STU1529,Data Science,2,6.15,1,4,1,0.85,0.7,12,placed_12m,1033526,0.6060833333333333,0.92,1,2
STU1530,MBA,2,5.61,1,3,0,0.7,0.7,3,placed_3m,875836,0.5546833333333333,0.24,4,0
STU1531,Data Science,3,6.67,1,0,0,0.85,0.45,3,placed_3m,1061772,0.5342833333333333,0.0,1,0
STU1532,Nursing,2,7.11,1,1,0,0.6,0.7,24,delayed,442487,0.5721833333333333,0.08000000000000002,5,3
STU1533,Engineering,2,7.47,0,3,1,0.75,0.7,6,placed_6m,604085,0.5439499999999999,0.84,2,1
STU1534,MBA,2,8.25,0,4,1,0.7,0.7,6,placed_6m,871894,0.57375,0.92,4,1
STU1535,Engineering,1,7.78,0,0,1,0.75,1.0,6,placed_6m,846483,0.5848,0.6,2,1
STU1536,Engineering,2,6.99,2,3,0,0.75,0.7,6,placed_6m,734163,0.6938166666666667,0.24,2,1
STU1537,Data Science,2,6.98,2,1,1,0.85,0.7,6,placed_6m,1100422,0.6884666666666668,0.6799999999999999,1,1
STU1538,Engineering,3,7.76,3,3,1,0.75,0.45,3,placed_3m,750340,0.7541,0.84,2,0
STU1539,Data Science,1,8.6,2,0,0,0.85,1.0,3,placed_3m,1236274,0.7951666666666666,0.0,1,0
STU1540,Nursing,2,7.34,0,3,1,0.6,0.7,12,placed_12m,357693,0.5168999999999999,0.84,5,2
STU1541,Engineering,3,6.68,3,4,1,0.75,0.45,6,placed_6m,685521,0.7263,0.92,2,1
STU1542,Data Science,1,6.11,2,2,0,0.85,1.0,6,placed_6m,1085874,0.7280166666666665,0.16000000000000003,1,1
STU1543,Engineering,2,5.61,1,0,1,0.75,0.7,24,delayed,693820,0.5321833333333332,0.6,2,3
STU1544,Arts,3,7.93,1,0,0,0.35,0.45,12,placed_12m,321661,0.5033833333333333,0.0,0,2
STU1545,MBA,1,7.84,3,0,1,0.7,1.0,6,placed_6m,898175,0.8293999999999999,0.6,4,1
STU1546,Law,1,7.84,1,0,0,0.45,1.0,12,placed_12m,642247,0.6252333333333333,0.0,3,2
STU1547,Data Science,2,7.06,3,3,0,0.85,0.7,3,placed_3m,1055130,0.7946,0.24,1,0
STU1548,Engineering,2,8.75,0,4,0,0.75,0.7,3,placed_3m,674273,0.5987499999999999,0.32000000000000006,2,0
STU1549,Data Science,2,6.67,0,1,1,0.85,0.7,12,placed_12m,928476,0.51095,0.6799999999999999,1,2
STU1550,Arts,3,8.25,1,4,1,0.35,0.45,12,placed_12m,337196,0.5545833333333333,0.92,0,2
STU1551,Data Science,1,7.16,1,0,1,0.85,1.0,6,placed_6m,1196463,0.6614333333333333,0.6,1,1
STU1552,Law,2,6.53,2,3,1,0.45,0.7,6,placed_6m,604670,0.6327166666666667,0.84,3,1
STU1553,Law,2,7.85,3,3,1,0.45,0.7,3,placed_3m,663450,0.76225,0.84,3,0
STU1554,Engineering,1,7.65,1,0,0,0.75,1.0,6,placed_6m,774724,0.6635833333333334,0.0,2,1
STU1555,Engineering,2,7.59,0,3,1,0.75,0.7,6,placed_6m,699143,0.5481499999999999,0.84,2,1
STU1556,Data Science,2,7.29,2,0,0,0.85,0.7,6,placed_6m,1137952,0.6893166666666666,0.0,1,1
STU1557,MBA,2,7.16,2,4,0,0.7,0.7,3,placed_3m,761122,0.7022666666666667,0.32000000000000006,4,0
STU1558,Law,1,9.83,0,2,1,0.45,1.0,3,placed_3m,671998,0.63155,0.76,3,0
STU1559,Arts,2,8.5,1,3,0,0.35,0.7,6,placed_6m,322664,0.6033333333333333,0.24,0,1
STU1560,MBA,2,8.0,2,0,0,0.7,0.7,3,placed_3m,1007403,0.6916666666666667,0.0,4,0
STU1561,Engineering,3,7.32,2,0,1,0.75,0.45,3,placed_3m,692875,0.6253666666666666,0.6,2,0
STU1562,Nursing,1,8.31,1,3,1,0.6,1.0,3,placed_3m,492082,0.6941833333333333,0.84,5,0
STU1563,Engineering,2,7.77,1,1,1,0.75,0.7,6,placed_6m,647350,0.6177833333333334,0.6799999999999999,2,1
STU1564,Law,2,7.23,3,0,1,0.45,0.7,6,placed_6m,660143,0.71055,0.6,3,1
STU1565,MBA,3,6.87,2,3,1,0.7,0.45,6,placed_6m,890742,0.6321166666666668,0.84,4,1
STU1566,Data Science,2,7.11,1,0,1,0.85,0.7,12,placed_12m,1078594,0.5996833333333333,0.6,1,2
STU1567,Engineering,3,4.0,1,1,0,0.75,0.45,24,delayed,514974,0.43583333333333335,0.08000000000000002,2,3
STU1568,Data Science,3,7.43,2,2,0,0.85,0.45,6,placed_6m,993472,0.6642166666666667,0.16000000000000003,1,1
STU1569,MBA,3,6.66,0,1,1,0.7,0.45,24,delayed,780766,0.4381,0.6799999999999999,4,3
STU1570,Data Science,2,8.95,0,4,0,0.85,0.7,6,placed_6m,1052583,0.6207499999999999,0.32000000000000006,1,1
STU1571,Engineering,2,7.22,1,3,1,0.75,0.7,12,placed_12m,716513,0.6185333333333334,0.84,2,2
STU1572,Nursing,3,5.89,1,1,1,0.6,0.45,6,placed_6m,335375,0.4794833333333334,0.6799999999999999,5,1
STU1573,Law,3,7.15,2,2,0,0.45,0.45,3,placed_3m,559334,0.5944166666666667,0.16000000000000003,3,0
STU1574,Engineering,3,6.05,0,0,0,0.75,0.45,12,placed_12m,696722,0.41425,0.0,2,2
STU1575,Engineering,2,7.72,2,3,0,0.75,0.7,6,placed_6m,759217,0.7193666666666667,0.24,2,1
STU1576,Engineering,1,7.52,1,1,0,0.75,1.0,3,placed_3m,759857,0.6690333333333334,0.08000000000000002,2,0
STU1577,Data Science,2,8.25,0,2,0,0.85,0.7,3,placed_3m,1219724,0.5762499999999999,0.16000000000000003,1,0
STU1578,Data Science,3,6.33,0,1,1,0.85,0.45,12,placed_12m,760162,0.44905,0.6799999999999999,1,2
STU1579,Data Science,2,7.24,3,4,1,0.85,0.7,3,placed_3m,1062356,0.8109,0.92,1,0
STU1580,Engineering,2,5.7,2,3,1,0.75,0.7,6,placed_6m,658197,0.6486666666666667,0.84,2,1
STU1581,MBA,3,7.97,0,0,0,0.7,0.45,12,placed_12m,886687,0.47395,0.0,4,2
STU1582,Data Science,2,7.77,2,2,0,0.85,0.7,6,placed_6m,1172481,0.7261166666666667,0.16000000000000003,1,1
STU1583,MBA,3,7.75,2,1,1,0.7,0.45,3,placed_3m,838804,0.6429166666666666,0.6799999999999999,4,0
STU1584,Arts,2,7.2,3,3,1,0.35,0.7,6,placed_6m,368879,0.7245,0.84,0,1
STU1585,Engineering,2,7.66,1,1,1,0.75,0.7,6,placed_6m,696828,0.6139333333333332,0.6799999999999999,2,1
STU1586,Data Science,2,8.96,2,3,1,0.85,0.7,3,placed_3m,1256027,0.7777666666666667,0.84,1,0
STU1587,MBA,3,6.89,0,4,1,0.7,0.45,24,delayed,713781,0.47614999999999996,0.92,4,3
STU1588,MBA,1,7.35,1,1,1,0.7,1.0,6,placed_6m,921445,0.6555833333333333,0.6799999999999999,4,1
STU1589,Nursing,1,6.01,3,4,0,0.6,1.0,6,placed_6m,455448,0.79035,0.32000000000000006,5,1
STU1590,Data Science,3,6.24,1,2,1,0.85,0.45,12,placed_12m,1030555,0.5392333333333333,0.76,1,2
STU1591,Arts,1,7.31,1,4,0,0.35,1.0,3,placed_3m,336179,0.6316833333333334,0.32000000000000006,0,0
STU1592,Engineering,2,8.41,0,3,1,0.75,0.7,12,placed_12m,709392,0.5768499999999999,0.84,2,2
STU1593,Engineering,2,6.92,2,2,1,0.75,0.7,6,placed_6m,738369,0.6813666666666667,0.76,2,1
STU1594,Nursing,2,6.94,2,1,0,0.6,0.7,3,placed_3m,471603,0.6495666666666666,0.08000000000000002,5,0
STU1595,Data Science,2,6.75,1,1,0,0.85,0.7,6,placed_6m,1097469,0.5970833333333334,0.08000000000000002,1,1
STU1596,Engineering,2,6.61,3,3,0,0.75,0.7,3,placed_3m,738737,0.7638499999999999,0.24,2,0
STU1597,Engineering,2,7.52,0,0,0,0.75,0.7,6,placed_6m,672158,0.5157,0.0,2,1
STU1598,Engineering,2,5.55,1,0,0,0.75,0.7,12,placed_12m,628804,0.5300833333333332,0.0,2,2
STU1599,Law,3,8.61,3,1,0,0.45,0.45,6,placed_6m,630002,0.71885,0.08000000000000002,3,1
STU1600,Engineering,1,6.47,1,3,0,0.75,1.0,3,placed_3m,732271,0.6522833333333333,0.24,2,0
STU1601,MBA,2,7.99,1,0,0,0.7,0.7,12,placed_12m,889698,0.6079833333333333,0.0,4,2
STU1602,Engineering,1,5.8,1,4,1,0.75,1.0,3,placed_3m,701261,0.6388333333333334,0.92,2,0
STU1603,MBA,2,7.94,2,1,0,0.7,0.7,3,placed_3m,844366,0.6995666666666667,0.08000000000000002,4,0
STU1604,Engineering,2,7.94,0,4,0,0.75,0.7,6,placed_6m,736707,0.5704,0.32000000000000006,2,1
STU1605,Data Science,1,7.62,3,3,1,0.85,1.0,3,placed_3m,1205433,0.8741999999999999,0.84,1,0
STU1606,Engineering,3,6.11,2,4,1,0.75,0.45,3,placed_3m,711523,0.6230166666666667,0.92,2,0
STU1607,Law,2,7.47,0,0,1,0.45,0.7,6,placed_6m,575618,0.46895,0.6,3,1
STU1608,Engineering,3,5.9,2,0,0,0.75,0.45,3,placed_3m,573766,0.5756666666666667,0.0,2,0
STU1609,Data Science,3,6.92,1,2,1,0.85,0.45,6,placed_6m,970430,0.5630333333333333,0.76,1,1
STU1610,Law,2,8.33,1,1,1,0.45,0.7,6,placed_6m,605728,0.5923833333333333,0.6799999999999999,3,1
STU1611,Data Science,1,8.08,2,3,1,0.85,1.0,3,placed_3m,1236300,0.8069666666666666,0.84,1,0
STU1612,Data Science,2,7.22,3,1,1,0.85,0.7,6,placed_6m,965441,0.7802,0.6799999999999999,1,1
STU1613,MBA,3,6.13,0,4,1,0.7,0.45,6,placed_6m,777884,0.44955,0.92,4,1
STU1614,MBA,2,7.91,1,3,1,0.7,0.7,12,placed_12m,926201,0.6351833333333333,0.84,4,2
STU1615,Data Science,1,7.22,1,3,1,0.85,1.0,3,placed_3m,1066707,0.6935333333333333,0.84,1,0
STU1616,Arts,2,4.65,1,0,1,0.35,0.7,12,placed_12m,290272,0.4385833333333333,0.6,0,2
STU1617,Data Science,3,8.06,1,4,1,0.85,0.45,6,placed_6m,1002343,0.6229333333333333,0.92,1,1
STU1618,Data Science,3,7.17,0,0,1,0.85,0.45,24,delayed,891271,0.46845,0.6,1,3
STU1619,Nursing,1,8.52,2,0,0,0.6,1.0,6,placed_6m,493098,0.7548666666666667,0.0,5,1
STU1620,MBA,3,6.0,1,2,1,0.7,0.45,6,placed_6m,752803,0.5083333333333333,0.76,4,1
STU1621,Engineering,2,4.0,0,0,0,0.75,0.7,24,delayed,596813,0.39249999999999996,0.0,2,3
STU1622,Data Science,2,7.51,2,1,1,0.85,0.7,12,placed_12m,1033398,0.7070166666666666,0.6799999999999999,1,2
STU1623,Arts,3,7.52,2,3,1,0.35,0.45,12,placed_12m,303931,0.6023666666666666,0.84,0,2
STU1624,Engineering,2,5.34,1,0,0,0.75,0.7,3,placed_3m,735318,0.5227333333333333,0.0,2,0
STU1625,Data Science,2,6.12,1,1,1,0.85,0.7,12,placed_12m,1063237,0.5750333333333333,0.6799999999999999,1,2
STU1626,Engineering,1,10.0,2,4,0,0.75,1.0,3,placed_3m,756897,0.8691666666666666,0.32000000000000006,2,0
STU1627,Data Science,3,6.86,1,3,0,0.85,0.45,3,placed_3m,944183,0.5709333333333334,0.24,1,0
STU1628,Engineering,3,8.0,0,4,0,0.75,0.45,12,placed_12m,680759,0.5225,0.32000000000000006,2,2
STU1629,MBA,2,6.48,2,1,0,0.7,0.7,3,placed_3m,900398,0.6484666666666666,0.08000000000000002,4,0
STU1630,Nursing,3,4.9,0,4,0,0.6,0.45,12,placed_12m,319501,0.39150000000000007,0.32000000000000006,5,2
STU1631,MBA,1,7.01,0,4,1,0.7,1.0,6,placed_6m,960615,0.59035,0.92,4,1
STU1632,Data Science,2,6.91,0,4,1,0.85,0.7,12,placed_12m,1058768,0.54935,0.92,1,2
STU1633,Nursing,2,6.76,0,0,0,0.6,0.7,6,placed_6m,438542,0.4665999999999999,0.0,5,1
STU1634,Arts,1,7.07,0,0,1,0.35,1.0,12,placed_12m,360425,0.49995,0.6,0,2
STU1635,Engineering,2,7.49,3,0,0,0.75,0.7,3,placed_3m,776680,0.76465,0.0,2,0
STU1636,MBA,3,7.03,1,3,0,0.7,0.45,3,placed_3m,866035,0.5543833333333335,0.24,4,0
STU1637,Engineering,1,5.81,0,1,0,0.75,1.0,6,placed_6m,751556,0.5258499999999999,0.08000000000000002,2,1
STU1638,Arts,2,7.73,0,0,1,0.35,0.7,12,placed_12m,347154,0.46304999999999996,0.6,0,2
STU1639,Arts,2,5.06,3,4,1,0.35,0.7,6,placed_6m,297629,0.6596,0.92,0,1
STU1640,Data Science,2,4.94,1,4,0,0.85,0.7,3,placed_3m,1003472,0.5637333333333334,0.32000000000000006,1,0
STU1641,Law,3,8.01,1,4,0,0.45,0.45,3,placed_3m,557298,0.5611833333333334,0.32000000000000006,3,0
STU1642,Data Science,2,7.76,2,4,0,0.85,0.7,6,placed_6m,1145146,0.7457666666666667,0.32000000000000006,1,1
STU1643,Data Science,2,7.14,1,2,1,0.85,0.7,6,placed_6m,1085225,0.6207333333333334,0.76,1,1
STU1644,Engineering,3,5.67,1,3,1,0.75,0.45,24,delayed,537543,0.5142833333333333,0.84,2,3
STU1645,Nursing,1,6.42,0,1,0,0.6,1.0,6,placed_6m,436550,0.5246999999999999,0.08000000000000002,5,1
STU1646,Engineering,2,6.91,1,1,1,0.75,0.7,12,placed_12m,699061,0.5876833333333333,0.6799999999999999,2,2
STU1647,Law,2,5.44,1,0,0,0.45,0.7,24,delayed,505327,0.4812333333333333,0.0,3,3
STU1648,Nursing,2,6.39,2,2,1,0.6,0.7,12,placed_12m,446954,0.6403166666666666,0.76,5,2
STU1649,Nursing,3,7.92,1,1,1,0.6,0.45,6,placed_6m,464049,0.5505333333333333,0.6799999999999999,5,1
STU1650,Engineering,3,8.77,1,3,1,0.75,0.45,12,placed_12m,710632,0.6227833333333334,0.84,2,2
STU1651,MBA,2,6.74,0,4,1,0.7,0.7,24,delayed,821174,0.5209,0.92,4,3
STU1652,Engineering,3,8.03,0,0,1,0.75,0.45,6,placed_6m,743868,0.48355,0.6,2,1
STU1653,MBA,1,5.09,1,3,0,0.7,1.0,24,delayed,844436,0.5964833333333334,0.24,4,3
STU1654,Engineering,1,7.93,3,1,0,0.75,1.0,3,placed_3m,813651,0.85005,0.08000000000000002,2,0
STU1655,Arts,2,6.32,1,2,1,0.35,0.7,12,placed_12m,290491,0.5170333333333333,0.76,0,2
STU1656,Data Science,2,7.54,2,0,0,0.85,0.7,12,placed_12m,1136027,0.6980666666666666,0.0,1,2
STU1657,MBA,2,6.93,1,1,0,0.7,0.7,3,placed_3m,892401,0.5808833333333333,0.08000000000000002,4,0
STU1658,MBA,2,8.65,0,0,1,0.7,0.7,12,placed_12m,975241,0.54775,0.6,4,2
STU1659,MBA,3,6.24,0,1,1,0.7,0.45,6,placed_6m,782367,0.4234,0.6799999999999999,4,1
STU1660,Data Science,2,7.89,1,4,1,0.85,0.7,6,placed_6m,954045,0.6669833333333333,0.92,1,1
STU1661,Data Science,2,6.89,0,2,1,0.85,0.7,12,placed_12m,876255,0.5286500000000001,0.76,1,2
STU1662,Arts,1,7.03,0,4,1,0.35,1.0,12,placed_12m,345841,0.5385500000000001,0.92,0,2
STU1663,MBA,1,7.0,2,1,0,0.7,1.0,3,placed_3m,911016,0.7266666666666666,0.08000000000000002,4,0
STU1664,Arts,2,6.27,0,3,1,0.35,0.7,12,placed_12m,311760,0.44194999999999995,0.84,0,2
STU1665,Law,2,7.18,1,4,1,0.45,0.7,24,delayed,570848,0.5821333333333333,0.92,3,3
STU1666,Engineering,3,7.13,1,3,0,0.75,0.45,6,placed_6m,662424,0.5653833333333333,0.24,2,1
STU1667,Arts,1,7.47,1,1,0,0.35,1.0,12,placed_12m,342689,0.6072833333333333,0.08000000000000002,0,2
STU1668,Engineering,1,7.29,1,2,0,0.75,1.0,6,placed_6m,699749,0.6709833333333333,0.16000000000000003,2,1
STU1669,Law,2,8.08,1,3,1,0.45,0.7,3,placed_3m,609855,0.6036333333333334,0.84,3,0
STU1670,MBA,2,8.22,1,1,1,0.7,0.7,3,placed_3m,885837,0.6260333333333333,0.6799999999999999,4,0
STU1671,Law,1,6.04,2,3,1,0.45,1.0,6,placed_6m,588300,0.6755666666666668,0.84,3,1
STU1672,Law,3,8.16,2,4,1,0.45,0.45,12,placed_12m,581778,0.6497666666666667,0.92,3,2
STU1673,Law,1,5.9,0,1,0,0.45,1.0,6,placed_6m,557058,0.48400000000000004,0.08000000000000002,3,1
STU1674,Nursing,2,7.85,0,4,1,0.6,0.7,12,placed_12m,467820,0.54475,0.92,5,2
STU1675,MBA,2,7.88,3,0,1,0.7,0.7,3,placed_3m,950589,0.7708,0.6,4,0
STU1676,Engineering,1,5.1,1,1,0,0.75,1.0,6,placed_6m,724564,0.5843333333333334,0.08000000000000002,2,1
STU1677,MBA,2,7.3,1,3,1,0.7,0.7,12,placed_12m,964856,0.6138333333333333,0.84,4,2
STU1678,Engineering,3,6.68,1,0,0,0.75,0.45,3,placed_3m,701826,0.5196333333333333,0.0,2,0
STU1679,Data Science,2,6.37,0,4,1,0.85,0.7,6,placed_6m,1024672,0.53045,0.92,1,1
STU1680,MBA,3,8.69,1,4,1,0.7,0.45,12,placed_12m,906582,0.6224833333333334,0.92,4,2
STU1681,Arts,1,6.48,1,3,1,0.35,1.0,6,placed_6m,353950,0.5926333333333333,0.84,0,1
STU1682,Data Science,3,6.31,0,0,1,0.85,0.45,24,delayed,911518,0.43835,0.6,1,3
STU1683,Law,2,7.28,1,2,0,0.45,0.7,6,placed_6m,626881,0.5656333333333333,0.16000000000000003,3,1
STU1684,Engineering,3,7.95,2,3,1,0.75,0.45,6,placed_6m,744601,0.6774166666666666,0.84,2,1
STU1685,Law,2,7.04,1,4,0,0.45,0.7,6,placed_6m,567127,0.5772333333333334,0.32000000000000006,3,1
STU1686,Arts,3,8.48,0,1,1,0.35,0.45,24,delayed,332029,0.44930000000000003,0.6799999999999999,0,3
STU1687,MBA,2,7.78,1,0,1,0.7,0.7,3,placed_3m,910204,0.6006333333333332,0.6,4,0
STU1688,Data Science,1,4.8,2,2,1,0.85,1.0,3,placed_3m,1027912,0.6821666666666666,0.76,1,0
STU1689,Nursing,1,6.62,2,1,0,0.6,1.0,6,placed_6m,454841,0.6983666666666667,0.08000000000000002,5,1
STU1690,Engineering,3,6.58,2,0,1,0.75,0.45,12,placed_12m,674428,0.5994666666666667,0.6,2,2
STU1691,Data Science,2,7.73,0,3,1,0.85,0.7,6,placed_6m,1119223,0.5680499999999999,0.84,1,1
STU1692,MBA,3,4.31,2,3,1,0.7,0.45,12,placed_12m,801312,0.5425166666666666,0.84,4,2
STU1693,Engineering,2,10.0,2,0,0,0.75,0.7,3,placed_3m,827212,0.7691666666666666,0.0,2,0
STU1694,MBA,2,7.78,0,2,0,0.7,0.7,12,placed_12m,901633,0.5373,0.16000000000000003,4,2
STU1695,Engineering,1,7.36,1,0,0,0.75,1.0,12,placed_12m,796954,0.6534333333333333,0.0,2,2
STU1696,Engineering,3,8.5,1,1,1,0.75,0.45,12,placed_12m,696793,0.5933333333333333,0.6799999999999999,2,2
STU1697,Engineering,3,9.78,2,1,1,0.75,0.45,12,placed_12m,708800,0.7214666666666667,0.6799999999999999,2,2
STU1698,Arts,3,8.16,0,3,1,0.35,0.45,3,placed_3m,348804,0.45810000000000006,0.84,0,0
STU1699,Data Science,2,8.24,1,0,0,0.85,0.7,6,placed_6m,1062572,0.6392333333333333,0.0,1,1
STU1700,Arts,2,7.34,3,3,0,0.35,0.7,6,placed_6m,333049,0.7293999999999999,0.24,0,1
STU1701,MBA,3,7.04,2,2,1,0.7,0.45,6,placed_6m,752015,0.6280666666666667,0.76,4,1
STU1702,MBA,2,6.68,3,1,1,0.7,0.7,3,placed_3m,947462,0.7387999999999999,0.6799999999999999,4,0
STU1703,Data Science,3,6.29,3,4,1,0.85,0.45,6,placed_6m,911112,0.7276499999999999,0.92,1,1
STU1704,MBA,3,6.44,0,4,1,0.7,0.45,24,delayed,714145,0.46040000000000003,0.92,4,3
STU1705,Engineering,3,5.71,2,0,1,0.75,0.45,6,placed_6m,676167,0.5690166666666666,0.6,2,1
STU1706,Data Science,3,7.12,1,0,1,0.85,0.45,6,placed_6m,1056972,0.5500333333333334,0.6,1,1
STU1707,Engineering,2,5.35,2,4,1,0.75,0.7,6,placed_6m,635624,0.6464166666666666,0.92,2,1
STU1708,Data Science,2,7.41,1,0,1,0.85,0.7,6,placed_6m,1053541,0.6101833333333333,0.6,1,1
STU1709,Data Science,3,7.16,3,1,0,0.85,0.45,3,placed_3m,1009749,0.7281,0.08000000000000002,1,0
STU1710,Engineering,1,7.36,2,2,0,0.75,1.0,6,placed_6m,737025,0.7567666666666668,0.16000000000000003,2,1
STU1711,Engineering,3,6.63,2,2,0,0.75,0.45,6,placed_6m,688047,0.6212166666666668,0.16000000000000003,2,1
STU1712,Nursing,3,10.0,0,3,1,0.6,0.45,12,placed_12m,446449,0.56,0.84,5,2
STU1713,MBA,2,8.7,0,1,0,0.7,0.7,12,placed_12m,885201,0.5594999999999999,0.08000000000000002,4,2
STU1714,Engineering,3,5.83,2,0,0,0.75,0.45,6,placed_6m,581124,0.5732166666666667,0.0,2,1
STU1715,Arts,2,7.46,0,0,0,0.35,0.7,6,placed_6m,347464,0.4536,0.0,0,1
STU1716,Engineering,2,6.53,2,3,1,0.75,0.7,3,placed_3m,730668,0.6777166666666667,0.84,2,0
STU1717,Data Science,1,6.08,0,3,0,0.85,1.0,12,placed_12m,1073372,0.5703,0.24,1,2
STU1718,Arts,2,5.73,2,0,1,0.35,0.7,12,placed_12m,341935,0.5597166666666666,0.6,0,2
STU1719,Engineering,2,7.68,1,0,0,0.75,0.7,24,delayed,654652,0.6046333333333334,0.0,2,3
STU1720,Engineering,2,6.45,2,1,0,0.75,0.7,6,placed_6m,682811,0.6549166666666666,0.08000000000000002,2,1
STU1721,Engineering,3,8.26,2,3,1,0.75,0.45,3,placed_3m,637236,0.6882666666666666,0.84,2,0
STU1722,MBA,3,8.29,1,1,0,0.7,0.45,12,placed_12m,1060668,0.5784833333333333,0.08000000000000002,4,2
STU1723,Engineering,1,8.71,0,0,0,0.75,1.0,12,placed_12m,749159,0.6173500000000001,0.0,2,2
STU1724,Data Science,2,6.26,0,4,0,0.85,0.7,6,placed_6m,1056345,0.5266,0.32000000000000006,1,1
STU1725,Engineering,3,7.72,1,4,1,0.75,0.45,12,placed_12m,621255,0.5960333333333334,0.92,2,2
STU1726,Data Science,1,7.9,1,0,1,0.85,1.0,3,placed_3m,1216421,0.6873333333333334,0.6,1,0
STU1727,Arts,1,6.68,2,3,0,0.35,1.0,6,placed_6m,388274,0.6829666666666667,0.24,0,1
STU1728,Law,1,6.35,1,4,0,0.45,1.0,12,placed_12m,585531,0.6130833333333333,0.32000000000000006,3,2
STU1729,Data Science,2,8.97,1,3,1,0.85,0.7,6,placed_6m,1060637,0.6947833333333333,0.84,1,1
STU1730,MBA,1,7.45,1,4,1,0.7,1.0,12,placed_12m,914806,0.6890833333333333,0.92,4,2
STU1731,Data Science,3,7.9,0,3,1,0.85,0.45,24,delayed,816153,0.524,0.84,1,3
STU1732,Data Science,2,6.3,1,4,1,0.85,0.7,6,placed_6m,1010329,0.6113333333333333,0.92,1,1
STU1733,MBA,2,5.86,3,3,1,0.7,0.7,3,placed_3m,931775,0.7301,0.84,4,0
STU1734,Engineering,2,6.57,2,1,1,0.75,0.7,6,placed_6m,701991,0.6591166666666666,0.6799999999999999,2,1
STU1735,Law,2,7.06,1,3,1,0.45,0.7,12,placed_12m,564390,0.5679333333333333,0.84,3,2
STU1736,MBA,3,6.03,1,1,1,0.7,0.45,12,placed_12m,819005,0.49938333333333335,0.6799999999999999,4,2
STU1737,Engineering,3,7.19,2,1,0,0.75,0.45,12,placed_12m,713668,0.6308166666666666,0.08000000000000002,2,2
STU1738,MBA,3,5.34,1,0,1,0.7,0.45,12,placed_12m,662004,0.46523333333333333,0.6,4,2
STU1739,MBA,2,5.97,0,1,1,0.7,0.7,12,placed_12m,802877,0.46395,0.6799999999999999,4,2
STU1740,Law,3,7.94,0,2,0,0.45,0.45,12,placed_12m,653389,0.4554,0.16000000000000003,3,2
STU1741,Nursing,3,7.86,1,1,1,0.6,0.45,6,placed_6m,397951,0.5484333333333333,0.6799999999999999,5,1
STU1742,Nursing,3,6.77,3,3,1,0.6,0.45,6,placed_6m,440463,0.69695,0.84,5,1
STU1743,Engineering,1,6.08,2,1,1,0.75,1.0,3,placed_3m,821867,0.7019666666666666,0.6799999999999999,2,0
STU1744,MBA,1,6.07,0,3,1,0.7,1.0,6,placed_6m,921995,0.54745,0.84,4,1
STU1745,MBA,2,6.79,0,3,1,0.7,0.7,12,placed_12m,797548,0.5126499999999999,0.84,4,2
STU1746,Engineering,3,7.91,2,2,0,0.75,0.45,6,placed_6m,723663,0.6660166666666667,0.16000000000000003,2,1
STU1747,Engineering,2,8.22,2,1,1,0.75,0.7,6,placed_6m,753030,0.7168666666666668,0.6799999999999999,2,1
STU1748,Nursing,2,6.65,2,1,1,0.6,0.7,12,placed_12m,419714,0.6394166666666666,0.6799999999999999,5,2
STU1749,Engineering,3,5.93,2,4,0,0.75,0.45,12,placed_12m,643370,0.6167166666666667,0.32000000000000006,2,2
STU1750,Data Science,3,7.49,0,4,0,0.85,0.45,24,delayed,938100,0.5196500000000001,0.32000000000000006,1,3
STU1751,Engineering,3,6.29,2,0,1,0.75,0.45,6,placed_6m,670735,0.5893166666666667,0.6,2,1
STU1752,Engineering,2,6.63,2,3,0,0.75,0.7,6,placed_6m,669475,0.6812166666666666,0.24,2,1
STU1753,Engineering,3,8.66,1,2,1,0.75,0.45,6,placed_6m,654956,0.6089333333333333,0.76,2,1
STU1754,Arts,2,8.11,2,4,0,0.35,0.7,12,placed_12m,345479,0.6830166666666666,0.32000000000000006,0,2
STU1755,Law,1,7.37,0,1,0,0.45,1.0,6,placed_6m,671699,0.53545,0.08000000000000002,3,1
STU1756,Arts,1,5.8,0,0,1,0.35,1.0,12,placed_12m,314053,0.4555,0.6,0,2
STU1757,MBA,2,7.43,0,2,0,0.7,0.7,6,placed_6m,841949,0.52505,0.16000000000000003,4,1
STU1758,Engineering,2,8.37,0,1,1,0.75,0.7,3,placed_3m,757513,0.55545,0.6799999999999999,2,0
STU1759,Data Science,3,6.79,1,1,1,0.85,0.45,6,placed_6m,978757,0.5484833333333334,0.6799999999999999,1,1
STU1760,MBA,1,8.69,1,3,0,0.7,1.0,3,placed_3m,1095627,0.7224833333333334,0.24,4,0
STU1761,Law,3,8.62,1,3,0,0.45,0.45,24,delayed,577060,0.5725333333333333,0.24,3,3
STU1762,Engineering,2,9.03,1,4,0,0.75,0.7,3,placed_3m,794777,0.6918833333333332,0.32000000000000006,2,0
STU1763,MBA,2,7.54,1,4,0,0.7,0.7,6,placed_6m,845440,0.6322333333333333,0.32000000000000006,4,1
STU1764,Engineering,2,7.85,0,1,1,0.75,0.7,12,placed_12m,718532,0.53725,0.6799999999999999,2,2
STU1765,MBA,2,8.76,2,1,1,0.7,0.7,3,placed_3m,982653,0.7282666666666666,0.6799999999999999,4,0
STU1766,Nursing,2,7.69,1,4,0,0.6,0.7,6,placed_6m,452549,0.6224833333333333,0.32000000000000006,5,1
STU1767,MBA,2,6.65,1,4,1,0.7,0.7,6,placed_6m,827343,0.6010833333333333,0.92,4,1
STU1768,MBA,1,6.71,2,1,0,0.7,1.0,3,placed_3m,896028,0.7165166666666667,0.08000000000000002,4,0
STU1769,MBA,1,7.46,2,2,0,0.7,1.0,3,placed_3m,979594,0.7527666666666666,0.16000000000000003,4,0
STU1770,MBA,2,5.78,2,1,0,0.7,0.7,12,placed_12m,878250,0.6239666666666667,0.08000000000000002,4,2
STU1771,Nursing,3,7.04,1,2,1,0.6,0.45,12,placed_12m,414306,0.5297333333333334,0.76,5,2
STU1772,Law,2,8.41,0,2,1,0.45,0.7,24,delayed,591645,0.5218499999999999,0.76,3,3
STU1773,Arts,3,4.79,2,1,1,0.35,0.45,6,placed_6m,288572,0.4868166666666667,0.6799999999999999,0,1
STU1774,Nursing,3,8.89,0,0,0,0.6,0.45,12,placed_12m,443565,0.49115,0.0,5,2
STU1775,MBA,3,8.43,1,4,0,0.7,0.45,12,placed_12m,865521,0.6133833333333334,0.32000000000000006,4,2
STU1776,Data Science,3,6.69,0,3,1,0.85,0.45,12,placed_12m,946035,0.48165,0.84,1,2
STU1777,MBA,2,7.8,2,1,1,0.7,0.7,6,placed_6m,1087422,0.6946666666666667,0.6799999999999999,4,1
STU1778,Engineering,3,7.2,0,2,1,0.75,0.45,12,placed_12m,660062,0.47450000000000003,0.76,2,2
STU1779,Law,3,8.55,3,1,0,0.45,0.45,6,placed_6m,653386,0.71675,0.08000000000000002,3,1
STU1780,Engineering,2,8.28,2,4,0,0.75,0.7,6,placed_6m,775953,0.7489666666666666,0.32000000000000006,2,1
STU1781,Arts,2,5.66,1,2,1,0.35,0.7,24,delayed,289885,0.49393333333333334,0.76,0,3
STU1782,MBA,1,7.85,2,3,1,0.7,1.0,3,placed_3m,1054676,0.7764166666666665,0.84,4,0
STU1783,Data Science,3,6.97,2,3,1,0.85,0.45,6,placed_6m,1007607,0.6581166666666667,0.84,1,1
STU1784,Data Science,3,7.29,2,3,1,0.85,0.45,6,placed_6m,1118814,0.6693166666666666,0.84,1,1
STU1785,Law,1,6.4,1,0,1,0.45,1.0,6,placed_6m,582023,0.5748333333333333,0.6,3,1
STU1786,Data Science,2,9.12,2,2,1,0.85,0.7,3,placed_3m,1106789,0.7733666666666665,0.76,1,0
STU1787,Data Science,2,8.34,1,2,1,0.85,0.7,6,placed_6m,1131541,0.6627333333333334,0.76,1,1
STU1788,Engineering,1,6.39,3,0,1,0.75,1.0,3,placed_3m,704813,0.7861500000000001,0.6,2,0
STU1789,Data Science,3,5.73,1,2,1,0.85,0.45,12,placed_12m,970002,0.5213833333333333,0.76,1,2
STU1790,Engineering,2,6.78,1,0,0,0.75,0.7,6,placed_6m,632453,0.5731333333333333,0.0,2,1
STU1791,Nursing,1,7.68,2,1,0,0.6,1.0,3,placed_3m,482141,0.7354666666666666,0.08000000000000002,5,0
STU1792,Data Science,2,7.46,2,4,1,0.85,0.7,3,placed_3m,998180,0.7352666666666667,0.92,1,0
STU1793,Data Science,3,8.58,1,3,1,0.85,0.45,12,placed_12m,1262870,0.6311333333333333,0.84,1,2
STU1794,Engineering,1,8.07,0,0,1,0.75,1.0,3,placed_3m,668927,0.59495,0.6,2,0
STU1795,Engineering,3,8.27,1,0,0,0.75,0.45,6,placed_6m,704966,0.5752833333333334,0.0,2,1
STU1796,Nursing,2,7.56,3,0,0,0.6,0.7,6,placed_6m,511837,0.7445999999999999,0.0,5,1
STU1797,Engineering,1,5.67,2,1,1,0.75,1.0,6,placed_6m,762399,0.6876166666666668,0.6799999999999999,2,1
STU1798,Engineering,1,6.98,2,0,0,0.75,1.0,6,placed_6m,792906,0.7234666666666667,0.0,2,1
STU1799,Engineering,2,8.37,0,4,0,0.75,0.7,12,placed_12m,694755,0.58545,0.32000000000000006,2,2
STU1800,Arts,2,7.14,1,4,0,0.35,0.7,12,placed_12m,353804,0.5657333333333333,0.32000000000000006,0,2
STU1801,Nursing,3,7.75,2,3,1,0.6,0.45,6,placed_6m,476865,0.6479166666666666,0.84,5,1
STU1802,MBA,3,6.85,2,1,0,0.7,0.45,12,placed_12m,855839,0.6114166666666667,0.08000000000000002,4,2
STU1803,Engineering,3,6.07,0,4,1,0.75,0.45,6,placed_6m,630064,0.45494999999999997,0.92,2,1
STU1804,MBA,2,7.06,2,2,1,0.7,0.7,3,placed_3m,884489,0.6787666666666666,0.76,4,0
STU1805,Nursing,3,7.54,1,2,1,0.6,0.45,12,placed_12m,399972,0.5472333333333333,0.76,5,2
STU1806,Data Science,2,6.48,0,2,1,0.85,0.7,12,placed_12m,1069118,0.5143,0.76,1,2
STU1807,Engineering,2,6.94,1,0,0,0.75,0.7,6,placed_6m,757707,0.5787333333333333,0.0,2,1
STU1808,Engineering,1,6.17,1,0,0,0.75,1.0,12,placed_12m,657560,0.6117833333333333,0.0,2,2
STU1809,Engineering,1,8.43,1,2,0,0.75,1.0,6,placed_6m,768053,0.7108833333333333,0.16000000000000003,2,1
STU1810,Data Science,3,6.88,0,3,1,0.85,0.45,24,delayed,920097,0.48829999999999996,0.84,1,3
STU1811,Nursing,2,8.8,0,3,0,0.6,0.7,24,delayed,447369,0.568,0.24,5,3
STU1812,Engineering,2,8.88,2,0,0,0.75,0.7,6,placed_6m,776034,0.7299666666666667,0.0,2,1
STU1813,Engineering,2,7.11,0,2,1,0.75,0.7,24,delayed,702774,0.52135,0.76,2,3
STU1814,Engineering,2,6.09,0,3,0,0.75,0.7,6,placed_6m,613354,0.4956499999999999,0.24,2,1
STU1815,Arts,2,4.91,1,0,0,0.35,0.7,12,placed_12m,273252,0.4476833333333333,0.0,0,2
STU1816,Engineering,2,5.58,1,2,1,0.75,0.7,12,placed_12m,705780,0.5511333333333333,0.76,2,2
STU1817,Nursing,3,5.69,2,1,1,0.6,0.45,12,placed_12m,391055,0.5558166666666667,0.6799999999999999,5,2
STU1818,Data Science,3,8.72,1,2,0,0.85,0.45,6,placed_6m,986045,0.6260333333333334,0.16000000000000003,1,1
STU1819,MBA,2,7.33,2,2,0,0.7,0.7,6,placed_6m,878794,0.6882166666666667,0.16000000000000003,4,1
STU1820,Engineering,2,7.63,2,4,1,0.75,0.7,3,placed_3m,723264,0.7262166666666667,0.92,2,0
STU1821,Engineering,2,4.76,0,4,0,0.75,0.7,12,placed_12m,676364,0.45909999999999995,0.32000000000000006,2,2
STU1822,Data Science,3,5.88,0,1,1,0.85,0.45,12,placed_12m,974788,0.4333,0.6799999999999999,1,2
STU1823,Nursing,2,8.18,1,1,0,0.6,0.7,24,delayed,484091,0.6096333333333332,0.08000000000000002,5,3
STU1824,Data Science,2,7.52,1,2,1,0.85,0.7,12,placed_12m,1115733,0.6340333333333332,0.76,1,2
STU1825,Data Science,1,7.04,2,3,0,0.85,1.0,12,placed_12m,1187342,0.7705666666666666,0.24,1,2
STU1826,Engineering,2,7.82,1,1,1,0.75,0.7,3,placed_3m,691861,0.6195333333333333,0.6799999999999999,2,0
STU1827,Arts,2,9.0,1,2,0,0.35,0.7,3,placed_3m,350325,0.6108333333333333,0.16000000000000003,0,0
STU1828,Nursing,3,6.96,0,0,1,0.6,0.45,6,placed_6m,378536,0.4236,0.6,5,1
STU1829,Engineering,2,7.28,0,4,0,0.75,0.7,6,placed_6m,674685,0.5472999999999999,0.32000000000000006,2,1
STU1830,Arts,2,7.41,1,3,0,0.35,0.7,6,placed_6m,346123,0.5651833333333333,0.24,0,1
STU1831,Data Science,3,9.83,1,2,1,0.85,0.45,12,placed_12m,1125599,0.6648833333333333,0.76,1,2
STU1832,Data Science,3,4.89,1,0,1,0.85,0.45,12,placed_12m,988008,0.47198333333333337,0.6,1,2
STU1833,Nursing,2,7.95,0,4,1,0.6,0.7,12,placed_12m,407080,0.54825,0.92,5,2
STU1834,Law,2,7.07,2,0,1,0.45,0.7,6,placed_6m,618935,0.6216166666666667,0.6,3,1
STU1835,Data Science,2,7.82,2,2,1,0.85,0.7,3,placed_3m,1027552,0.7278666666666667,0.76,1,0
STU1836,Engineering,3,6.48,1,1,1,0.75,0.45,6,placed_6m,655327,0.5226333333333333,0.6799999999999999,2,1
STU1837,MBA,1,7.15,1,4,1,0.7,1.0,12,placed_12m,956150,0.6785833333333333,0.92,4,2
STU1838,Arts,3,7.98,3,0,1,0.35,0.45,3,placed_3m,340400,0.6718,0.6,0,0
STU1839,Engineering,3,10.0,1,1,0,0.75,0.45,6,placed_6m,782954,0.6458333333333333,0.08000000000000002,2,1
STU1840,MBA,2,8.09,1,3,1,0.7,0.7,6,placed_6m,853872,0.6414833333333333,0.84,4,1
STU1841,MBA,1,6.27,0,2,1,0.7,1.0,12,placed_12m,753945,0.54445,0.76,4,2
STU1842,MBA,2,6.73,2,2,0,0.7,0.7,3,placed_3m,923754,0.6672166666666667,0.16000000000000003,4,0
STU1843,Data Science,2,6.7,0,4,1,0.85,0.7,6,placed_6m,1126874,0.542,0.92,1,1
STU1844,Arts,1,5.22,3,0,0,0.35,1.0,6,placed_6m,313335,0.6852,0.0,0,1
STU1845,Engineering,3,6.84,2,3,1,0.75,0.45,3,placed_3m,744022,0.6385666666666667,0.84,2,0
STU1846,Engineering,3,8.01,2,4,0,0.75,0.45,3,placed_3m,722517,0.6895166666666666,0.32000000000000006,2,0
STU1847,Engineering,2,5.8,2,4,0,0.75,0.7,6,placed_6m,616337,0.6621666666666666,0.32000000000000006,2,1
STU1848,Law,3,8.35,1,0,1,0.45,0.45,6,placed_6m,543989,0.5330833333333334,0.6,3,1
STU1849,Data Science,1,7.74,1,3,1,0.85,1.0,12,placed_12m,1121781,0.7117333333333333,0.84,1,2
STU1850,Engineering,2,6.39,2,0,1,0.75,0.7,6,placed_6m,678856,0.6428166666666666,0.6,2,1
STU1851,Law,1,7.04,3,2,1,0.45,1.0,3,placed_3m,595466,0.7838999999999999,0.76,3,0
STU1852,Law,2,8.96,1,1,1,0.45,0.7,3,placed_3m,564733,0.6144333333333334,0.6799999999999999,3,0
STU1853,Law,3,8.01,3,2,0,0.45,0.45,6,placed_6m,580053,0.7078499999999999,0.16000000000000003,3,1
STU1854,Arts,3,7.21,1,2,1,0.35,0.45,12,placed_12m,314809,0.4981833333333333,0.76,0,2
STU1855,Engineering,1,6.94,1,4,1,0.75,1.0,3,placed_3m,734099,0.6787333333333334,0.92,2,0
STU1856,Nursing,2,7.28,1,2,1,0.6,0.7,6,placed_6m,431280,0.5881333333333333,0.76,5,1
STU1857,MBA,2,6.64,0,3,0,0.7,0.7,24,delayed,816002,0.5074,0.24,4,3
STU1858,Law,2,4.88,0,2,1,0.45,0.7,12,placed_12m,546220,0.3983,0.76,3,2
STU1859,Nursing,3,9.45,0,3,0,0.6,0.45,6,placed_6m,467912,0.5407500000000001,0.24,5,1
STU1860,Nursing,3,7.37,1,0,1,0.6,0.45,12,placed_12m,420725,0.5212833333333333,0.6,5,2
STU1861,Data Science,2,7.64,1,4,1,0.85,0.7,12,placed_12m,1129029,0.6582333333333332,0.92,1,2
STU1862,Engineering,2,7.14,1,3,1,0.75,0.7,6,placed_6m,654516,0.6157333333333332,0.84,2,1
STU1863,Data Science,2,6.39,3,2,1,0.85,0.7,12,placed_12m,1049917,0.76115,0.76,1,2
STU1864,Arts,1,7.0,1,4,0,0.35,1.0,24,delayed,326765,0.6208333333333333,0.32000000000000006,0,3
STU1865,Arts,2,5.44,1,4,1,0.35,0.7,6,placed_6m,275494,0.5062333333333333,0.92,0,1
STU1866,Engineering,2,9.7,0,3,1,0.75,0.7,6,placed_6m,737489,0.6219999999999999,0.84,2,1
STU1867,Engineering,3,5.84,0,3,0,0.75,0.45,12,placed_12m,504663,0.43689999999999996,0.24,2,2
STU1868,Engineering,3,6.06,2,1,1,0.75,0.45,6,placed_6m,750229,0.5912666666666666,0.6799999999999999,2,1
STU1869,Nursing,1,6.72,1,1,0,0.6,1.0,6,placed_6m,430017,0.6185333333333333,0.08000000000000002,5,1
STU1870,Law,2,8.62,2,4,1,0.45,0.7,3,placed_3m,704074,0.7158666666666667,0.92,3,0
STU1871,Engineering,1,7.22,0,1,1,0.75,1.0,12,placed_12m,713306,0.5751999999999999,0.6799999999999999,2,2
STU1872,Data Science,1,5.84,1,2,1,0.85,1.0,12,placed_12m,1075981,0.6352333333333333,0.76,1,2
STU1873,Law,3,8.58,1,0,0,0.45,0.45,12,placed_12m,569108,0.5411333333333332,0.0,3,2
STU1874,Nursing,1,8.0,0,4,0,0.6,1.0,6,placed_6m,476648,0.61,0.32000000000000006,5,1
STU1875,Data Science,2,7.79,0,0,1,0.85,0.7,24,delayed,1063487,0.5401499999999999,0.6,1,3
STU1876,Data Science,1,7.99,0,1,1,0.85,1.0,6,placed_6m,1161026,0.6171500000000001,0.6799999999999999,1,1
STU1877,Data Science,3,9.83,1,3,0,0.85,0.45,3,placed_3m,1188679,0.6748833333333333,0.24,1,0
STU1878,Engineering,2,9.6,0,4,0,0.75,0.7,3,placed_3m,740678,0.6285000000000001,0.32000000000000006,2,0
STU1879,Data Science,2,6.44,3,1,0,0.85,0.7,12,placed_12m,1033921,0.7528999999999999,0.08000000000000002,1,2
STU1880,Data Science,2,8.99,1,2,1,0.85,0.7,12,placed_12m,1008101,0.6854833333333332,0.76,1,2
STU1881,Law,3,7.62,0,4,1,0.45,0.45,12,placed_12m,568965,0.46420000000000006,0.92,3,2
STU1882,Data Science,3,7.75,0,4,1,0.85,0.45,6,placed_6m,1081386,0.52875,0.92,1,1
STU1883,Nursing,2,5.34,1,3,1,0.6,0.7,12,placed_12m,453924,0.5302333333333333,0.84,5,2
STU1884,Engineering,3,7.01,0,4,1,0.75,0.45,6,placed_6m,661525,0.48785,0.92,2,1
STU1885,MBA,3,6.31,2,3,1,0.7,0.45,6,placed_6m,786107,0.6125166666666667,0.84,4,1
STU1886,Engineering,3,8.11,3,1,0,0.75,0.45,3,placed_3m,662115,0.7463499999999998,0.08000000000000002,2,0
STU1887,Engineering,2,8.38,0,2,1,0.75,0.7,6,placed_6m,767845,0.5658000000000001,0.76,2,1
STU1888,Nursing,2,4.92,1,2,1,0.6,0.7,24,delayed,332703,0.5055333333333333,0.76,5,3
STU1889,Arts,2,7.18,0,4,1,0.35,0.7,12,placed_12m,307031,0.4838,0.92,0,2
STU1890,Engineering,3,8.43,2,4,1,0.75,0.45,3,placed_3m,722504,0.7042166666666667,0.92,2,0
STU1891,MBA,2,6.99,1,1,1,0.7,0.7,12,placed_12m,856882,0.5829833333333333,0.6799999999999999,4,2
STU1892,Law,3,8.0,1,3,1,0.45,0.45,6,placed_6m,581898,0.5508333333333333,0.84,3,1
STU1893,Engineering,2,7.59,0,2,1,0.75,0.7,6,placed_6m,700719,0.5381499999999999,0.76,2,1
STU1894,Data Science,3,7.58,2,3,0,0.85,0.45,3,placed_3m,887381,0.6794666666666667,0.24,1,0
STU1895,Nursing,3,6.9,1,1,1,0.6,0.45,24,delayed,406441,0.5148333333333334,0.6799999999999999,5,3
STU1896,Data Science,1,5.86,0,2,1,0.85,1.0,6,placed_6m,856999,0.5526,0.76,1,1
STU1897,Engineering,3,5.97,2,2,0,0.75,0.45,6,placed_6m,690635,0.5981166666666666,0.16000000000000003,2,1
STU1898,MBA,2,7.98,1,0,1,0.7,0.7,12,placed_12m,864703,0.6076333333333332,0.6,4,2
STU1899,Nursing,3,7.22,2,1,1,0.6,0.45,6,placed_6m,373416,0.6093666666666666,0.6799999999999999,5,1
STU1900,Data Science,2,7.05,0,1,0,0.85,0.7,6,placed_6m,958270,0.5242499999999999,0.08000000000000002,1,1
STU1901,Engineering,2,6.73,2,0,1,0.75,0.7,6,placed_6m,681148,0.6547166666666666,0.6,2,1
STU1902,Nursing,3,6.86,2,3,1,0.6,0.45,12,placed_12m,463652,0.6167666666666667,0.84,5,2
STU1903,Engineering,2,8.35,0,0,1,0.75,0.7,12,placed_12m,718986,0.5447499999999998,0.6,2,2
STU1904,Nursing,3,6.83,2,1,0,0.6,0.45,6,placed_6m,442047,0.5957166666666667,0.08000000000000002,5,1
STU1905,Engineering,2,5.72,1,3,1,0.75,0.7,12,placed_12m,707443,0.5660333333333334,0.84,2,2
STU1906,Arts,2,8.02,3,2,0,0.35,0.7,6,placed_6m,355798,0.7432,0.16000000000000003,0,1
STU1907,MBA,2,6.97,0,0,1,0.7,0.7,12,placed_12m,880550,0.48894999999999994,0.6,4,2
STU1908,MBA,2,7.23,2,3,1,0.7,0.7,12,placed_12m,936076,0.6947166666666666,0.84,4,2
STU1909,Engineering,2,8.97,1,3,1,0.75,0.7,6,placed_6m,693799,0.6797833333333334,0.84,2,1
STU1910,MBA,1,7.18,3,3,0,0.7,1.0,6,placed_6m,1060655,0.8363,0.24,4,1
STU1911,Law,2,7.52,1,0,0,0.45,0.7,3,placed_3m,539682,0.5540333333333333,0.0,3,0
STU1912,Arts,1,5.9,3,2,0,0.35,1.0,3,placed_3m,367443,0.7290000000000001,0.16000000000000003,0,0
STU1913,MBA,3,6.96,3,3,0,0.7,0.45,3,placed_3m,795226,0.7185999999999999,0.24,4,0
STU1914,MBA,3,7.87,1,0,1,0.7,0.45,12,placed_12m,892467,0.5537833333333333,0.6,4,2
STU1915,Nursing,2,5.49,2,1,1,0.6,0.7,6,placed_6m,481678,0.5988166666666667,0.6799999999999999,5,1
STU1916,Law,3,7.42,3,0,1,0.45,0.45,3,placed_3m,593879,0.6672,0.6,3,0
STU1917,Data Science,2,7.31,1,0,1,0.85,0.7,6,placed_6m,1040281,0.6066833333333332,0.6,1,1
STU1918,MBA,3,7.25,1,0,0,0.7,0.45,6,placed_6m,878954,0.5320833333333334,0.0,4,1
STU1919,MBA,3,8.34,1,3,0,0.7,0.45,3,placed_3m,868331,0.6002333333333334,0.24,4,0
STU1920,Data Science,3,7.57,1,0,0,0.85,0.45,6,placed_6m,1156220,0.5657833333333333,0.0,1,1
STU1921,Engineering,2,8.83,0,1,1,0.75,0.7,12,placed_12m,733001,0.57155,0.6799999999999999,2,2
STU1922,Data Science,3,6.11,0,3,1,0.85,0.45,6,placed_6m,906515,0.46135000000000004,0.84,1,1
STU1923,MBA,2,7.35,1,1,0,0.7,0.7,6,placed_6m,851314,0.5955833333333332,0.08000000000000002,4,1
STU1924,Nursing,3,7.29,1,4,0,0.6,0.45,6,placed_6m,399320,0.5584833333333333,0.32000000000000006,5,1
STU1925,Engineering,1,6.02,0,0,1,0.75,1.0,6,placed_6m,653082,0.5231999999999999,0.6,2,1
STU1926,Data Science,2,8.25,2,3,1,0.85,0.7,3,placed_3m,1111463,0.7529166666666667,0.84,1,0
STU1927,MBA,3,9.76,2,3,1,0.7,0.45,6,placed_6m,932259,0.7332666666666666,0.84,4,1
STU1928,Data Science,3,7.18,0,0,1,0.85,0.45,12,placed_12m,919269,0.4688,0.6,1,2
STU1929,Engineering,1,7.76,2,2,0,0.75,1.0,3,placed_3m,879660,0.7707666666666668,0.16000000000000003,2,0
STU1930,Data Science,3,7.29,2,2,1,0.85,0.45,3,placed_3m,974391,0.6593166666666666,0.76,1,0
STU1931,Data Science,1,6.42,3,1,1,0.85,1.0,6,placed_6m,1142985,0.8122,0.6799999999999999,1,1
STU1932,Data Science,2,5.2,0,0,0,0.85,0.7,24,delayed,942533,0.44949999999999996,0.0,1,3
STU1933,Data Science,2,6.42,0,0,1,0.85,0.7,12,placed_12m,1022931,0.49219999999999997,0.6,1,2
STU1934,Data Science,2,5.67,3,4,1,0.85,0.7,6,placed_6m,1040628,0.7559499999999999,0.92,1,1
STU1935,Law,2,9.07,3,2,0,0.45,0.7,3,placed_3m,659109,0.79495,0.16000000000000003,3,0
STU1936,Engineering,2,7.07,2,2,1,0.75,0.7,12,placed_12m,732875,0.6866166666666667,0.76,2,2
STU1937,Law,1,6.82,2,0,0,0.45,1.0,6,placed_6m,633231,0.6728666666666666,0.0,3,1
STU1938,MBA,1,8.18,0,1,0,0.7,1.0,3,placed_3m,923952,0.6013,0.08000000000000002,4,0
STU1939,Engineering,2,5.97,1,0,1,0.75,0.7,6,placed_6m,590512,0.5447833333333332,0.6,2,1
STU1940,Engineering,3,6.36,0,1,0,0.75,0.45,12,placed_12m,597233,0.4351,0.08000000000000002,2,2
STU1941,MBA,3,7.27,0,2,1,0.7,0.45,12,placed_12m,740264,0.46945,0.76,4,2
STU1942,Nursing,1,8.33,2,4,1,0.6,1.0,3,placed_3m,483977,0.7882166666666667,0.92,5,0
STU1943,Nursing,2,7.75,0,3,0,0.6,0.7,12,placed_12m,438995,0.53125,0.24,5,2
STU1944,Nursing,1,7.47,1,2,1,0.6,1.0,6,placed_6m,483812,0.6547833333333333,0.76,5,1
STU1945,Data Science,1,7.29,3,1,1,0.85,1.0,6,placed_6m,1299809,0.8426499999999999,0.6799999999999999,1,1
STU1946,MBA,3,7.64,0,0,1,0.7,0.45,12,placed_12m,790515,0.4624,0.6,4,2
STU1947,Engineering,2,7.42,3,2,1,0.75,0.7,3,placed_3m,790086,0.7822,0.76,2,0
STU1948,MBA,1,6.07,3,4,0,0.7,1.0,3,placed_3m,953683,0.80745,0.32000000000000006,4,0
STU1949,MBA,2,7.25,1,1,1,0.7,0.7,24,delayed,929660,0.5920833333333333,0.6799999999999999,4,3
STU1950,Engineering,1,6.02,0,0,1,0.75,1.0,6,placed_6m,710727,0.5231999999999999,0.6,2,1
STU1951,Engineering,3,7.29,1,3,1,0.75,0.45,24,delayed,604268,0.5709833333333334,0.84,2,3
STU1952,Data Science,3,6.67,1,1,0,0.85,0.45,6,placed_6m,860898,0.5442833333333333,0.08000000000000002,1,1
STU1953,Nursing,1,9.99,1,0,1,0.6,1.0,12,placed_12m,525502,0.7229833333333332,0.6,5,2
STU1954,Arts,2,7.16,1,3,0,0.35,0.7,6,placed_6m,315381,0.5564333333333333,0.24,0,1
STU1955,Arts,3,5.66,3,0,1,0.35,0.45,12,placed_12m,285415,0.5906,0.6,0,2
STU1956,Data Science,3,7.05,0,3,1,0.85,0.45,12,placed_12m,869592,0.49424999999999997,0.84,1,2
STU1957,MBA,2,7.77,2,3,1,0.7,0.7,3,placed_3m,938894,0.7136166666666667,0.84,4,0
STU1958,Data Science,1,9.04,0,3,1,0.85,1.0,3,placed_3m,1274761,0.6738999999999999,0.84,1,0
STU1959,Nursing,1,6.55,1,0,0,0.6,1.0,12,placed_12m,438223,0.6025833333333334,0.0,5,2
STU1960,Engineering,2,5.46,3,3,0,0.75,0.7,3,placed_3m,722362,0.7236,0.24,2,0
STU1961,MBA,2,8.1,1,1,0,0.7,0.7,6,placed_6m,905683,0.6218333333333332,0.08000000000000002,4,1
STU1962,Law,1,5.68,0,4,0,0.45,1.0,6,placed_6m,509208,0.5063,0.32000000000000006,3,1
STU1963,MBA,2,6.72,2,4,0,0.7,0.7,6,placed_6m,929222,0.6868666666666666,0.32000000000000006,4,1
STU1964,Data Science,1,6.92,2,3,1,0.85,1.0,6,placed_6m,1046179,0.7663666666666666,0.84,1,1
STU1965,Data Science,3,7.12,2,4,1,0.85,0.45,6,placed_6m,1036860,0.6733666666666667,0.92,1,1
STU1966,Engineering,2,7.96,1,4,0,0.75,0.7,6,placed_6m,708849,0.6544333333333334,0.32000000000000006,2,1
STU1967,MBA,1,6.45,1,3,1,0.7,1.0,6,placed_6m,948509,0.6440833333333333,0.84,4,1
STU1968,MBA,2,6.9,3,3,1,0.7,0.7,3,placed_3m,858032,0.7665,0.84,4,0
STU1969,Engineering,2,7.18,3,1,1,0.75,0.7,6,placed_6m,760790,0.7638,0.6799999999999999,2,1
STU1970,Engineering,3,7.36,1,2,1,0.75,0.45,3,placed_3m,640876,0.5634333333333333,0.76,2,0
STU1971,Law,2,7.31,2,0,0,0.45,0.7,6,placed_6m,584329,0.6300166666666667,0.0,3,1
STU1972,Engineering,2,7.68,1,3,1,0.75,0.7,12,placed_12m,534898,0.6346333333333334,0.84,2,2
STU1973,Data Science,3,8.13,1,3,1,0.85,0.45,6,placed_6m,1201151,0.6153833333333334,0.84,1,1
STU1974,Engineering,2,7.63,0,4,0,0.75,0.7,12,placed_12m,714383,0.55955,0.32000000000000006,2,2
STU1975,Arts,3,7.7,1,1,0,0.35,0.45,6,placed_6m,303629,0.5053333333333333,0.08000000000000002,0,1
STU1976,Engineering,2,5.46,1,4,0,0.75,0.7,24,delayed,573803,0.5669333333333333,0.32000000000000006,2,3
STU1977,MBA,2,7.26,0,3,0,0.7,0.7,6,placed_6m,825457,0.5291,0.24,4,1
STU1978,Law,1,7.73,1,3,1,0.45,1.0,6,placed_6m,657278,0.6513833333333333,0.84,3,1
STU1979,Law,2,8.0,2,4,1,0.45,0.7,12,placed_12m,540195,0.6941666666666667,0.92,3,2
STU1980,Engineering,3,6.44,2,3,0,0.75,0.45,12,placed_12m,655356,0.6245666666666667,0.24,2,2
STU1981,Law,3,6.48,2,2,1,0.45,0.45,6,placed_6m,629785,0.5709666666666666,0.76,3,1
STU1982,MBA,2,6.57,3,0,1,0.7,0.7,6,placed_6m,836406,0.72495,0.6,4,1
STU1983,MBA,2,7.79,0,0,0,0.7,0.7,6,placed_6m,880075,0.5176499999999999,0.0,4,1
STU1984,Engineering,3,8.34,1,0,0,0.75,0.45,12,placed_12m,804876,0.5777333333333333,0.0,2,2
STU1985,Engineering,3,6.75,2,2,0,0.75,0.45,6,placed_6m,709397,0.6254166666666667,0.16000000000000003,2,1
STU1986,Nursing,1,8.2,1,3,0,0.6,1.0,6,placed_6m,490521,0.6903333333333334,0.24,5,1
STU1987,MBA,2,7.34,1,4,0,0.7,0.7,6,placed_6m,913616,0.6252333333333333,0.32000000000000006,4,1
STU1988,MBA,2,7.06,0,1,0,0.7,0.7,24,delayed,795821,0.5020999999999999,0.08000000000000002,4,3
STU1989,Nursing,3,6.97,3,3,1,0.6,0.45,3,placed_3m,488715,0.70395,0.84,5,0
STU1990,Nursing,1,8.02,1,2,1,0.6,1.0,12,placed_12m,466431,0.6740333333333333,0.76,5,2
STU1991,Engineering,2,7.56,2,2,0,0.75,0.7,3,placed_3m,642953,0.7037666666666667,0.16000000000000003,2,0
STU1992,Data Science,3,9.7,1,0,0,0.85,0.45,6,placed_6m,1093229,0.6403333333333332,0.0,1,1
STU1993,Engineering,1,6.26,2,3,1,0.75,1.0,3,placed_3m,687723,0.7282666666666666,0.84,2,0
STU1994,Nursing,2,7.77,2,0,1,0.6,0.7,6,placed_6m,459863,0.6686166666666666,0.6,5,1
STU1995,Data Science,2,6.62,2,1,1,0.85,0.7,3,placed_3m,1044525,0.6758666666666666,0.6799999999999999,1,0
STU1996,Arts,2,6.24,1,0,1,0.35,0.7,24,delayed,330768,0.4942333333333333,0.6,0,3
STU1997,Engineering,2,7.19,1,1,0,0.75,0.7,3,placed_3m,739265,0.5974833333333334,0.08000000000000002,2,0
STU1998,Engineering,2,7.35,2,2,0,0.75,0.7,6,placed_6m,739669,0.6964166666666667,0.16000000000000003,2,1
STU1999,Engineering,1,10.0,1,0,1,0.75,1.0,6,placed_6m,822358,0.7458333333333333,0.6,2,1
